Transect,day,month,year,hour,min,long,lat,long_1,lat_1,INIT,y,y_1,y_2,y_3,m,m_1,d,d_1,SeqNum,X21,X22,X23
1,1,5,18,14,33,-092 00.541,30 18.367, , , , , , , , , , , , ,0,AAA, 
2,1,5,18,14,38,-092 00.547,30 18.433,-092 00.592,30 18.439, , , , , , , , , , ,0,AAA, 
3,1,5,18,14,49,-092 00.648,30 18.447,-092 00.649,30 18.413, , , , , , , , , , ,0,AAA, 
4,1,5,18,15,4,-092 00.873,30 18.465, , , , , , , , , , , , ,0,AAA, 
5,1,5,18,15,16,-092 00.881,30 18.406,-092 00.840,30 18.443, , , , , , , , , , ,0,AAA, 
6,1,5,18,15,28,-092 00.901,30 18.299, , , , , , , , , , , , ,0,AAA, 
7,1,5,18,15,40,-092 00.729,30 18.281,-092 00.761,30 18.315, , , , , , , , , , ,0,AAA, 
8,2,5,18,8,21,-092 08.017,29 51.767,-092 08.017,29 51.307, , , , , , , , , , ,0,AAA, 
9,2,5,18,8,28,-092 08.938,29 51.762,-092 08.980,29 51.740, , , , , , , , , , ,0,AAA, 
10,2,5,18,8,39,-092 09.042,29 09.042,-092 09.052,29 51.831, , , , , , , , , , ,0,AAA, 
11,2,5,18,9,4,-092 09.022,29 51.659,-092 09.021,29 51.706, , , , , , , , , , ,0,AAA, 
12,2,5,18,9,15,-092 08.882,29 51.783,-092 08.931,29 51.778, , , , , , , , , , ,0,AAA, 
13,2,5,18,11,43,-092 16.121,30 49.125,-092 16.084,30 49.081, , , , , , , , , , ,0,AAA, 
14,2,5,18,11,56,-092 16.113,30 49.136,-092 16.124,30 49.188, , , , , , , , , , ,0,AAA, 
15,2,5,18,12,3,-092 16.071,30 49.089,-092 16.034,30 49.061, , , , , , , , , , ,0,AAA, 
16,2,5,18,12,13,-092 16.043,30 49.062,-092 16.052,30 49.045, , , , , , , , , , ,0,AAA, 
17,2,5,18,12,24,-092 16.993,30 49.088, , , , , , , , , , , , ,0,AAA, 
18,2,5,18,12,38,-092 16.048,30 49.315,-092 16.048,30 49.265, , , , , , , , , , ,0,AAA, 
19,2,5,18,13,1,-092 16.065,30 49.615,-092 16.072,30 49.570, , , , , , , , , , ,0,AAA, 
20,2,5,18,13,10,-092 16.098,30 49.489,-092 16.090,30 49.431, , , , , , , , , , ,0,AAA, 
21,2,5,18,14,55,-092 59.031,30 15.418,-091 59.060,30 15.505, , , , , , , , , , ,0,AAA, 
22,2,5,18, , ,-091 59.059,30 15.504,-091 59.041,30 15.458, , , , , , , , , , ,0,AAA, 
23,2,5,18,16,20,-091 47.279,30 20.669,-091 47.282,30 20.721, , , , , , , , , , ,0,AAA, 
24,2,5,18,16,29,-091 47.285,30 20.579,-091 47.290,30 20.527, , , , , , , , , , ,0,AAA, 
25,3,5,18,8,11,-091 47.499,30 21.891,-091 47.510,30 21.941, , , , , , , , , , ,0,AAA, 
26,3,5,18,8, ,-091 47.493,30 21.880,-091 47.485,30 21.826, , , , , , , , , , ,0,AAA, 
27,3,5,18,8,36,-091 47.504,30 21.949, , , , , , , , , , , , ,0,AAA, 
28,3,5,18,8,46,-091 47.470,30 21.914,-091 47.493,30 21.954, , , , , , , , , , ,0,AAA, 
29,3,5,18,9,43,-091 59.669,30 15.597,-091 59.624,30 15.573, , , , , , , , , , ,0,AAA, 
30,3,5,18,9,55,-091 59.620,30 15.581,-091 59.556,30 15.577, , , , , , , , , , ,0,AAA, 
31,3,5,18,10,11,-091 59.154,30 15.559,-091 59.092,30 15.560, , , , , , , , , , ,0,AAA, 
32,3,5,18,10,26,-091 59.072,30 15.545,-091 59.091,30 15.595, , , , , , , , , , ,0,AAA, 
33,3,5,18,12,18,-092 17.054,30 48.538,-092 17.023,30 48.505,AAA,2,0,1,8,0,5,0,3,1,3,AAA, 
34,3,5,18,13,0,-092 17.081,30 48.636,-092 17.048,30 48.681, , , , , , , , , , ,0,AAA, 
35,3,5,18,13,12,-092 17.143,30 48.762,-092 17.190,30 48.734, , , , , , , , , , ,0,AAA, 
36,3,5,18,16,6,-092 08.790,29 51.824,-092 08.833,29 51.856, , , , , , , , , , ,0,AAA, 
37,4,5,18,8,8,-091 47.255,30 20.653,-091 47.249,30 20.705, , , , , , , , , , ,0,AAA, 
38,4,5,18,8,24,-091 47.291,30 20.836,-091 20.786,30 20.786, , , , , , , , , , ,0,AAA, 
39,4,5,18,9,4,-091 47.411,30 19.557,-091 47.420,30 19.508, , , , , , , , , , ,0,AAA, 
40,4,5,18,9,14,-091 47.397,30 19.407,-091 47.409,30 19.456, , , , , , , , , , ,0,AAA, 
41,4,5,18,9,24,-091 47.393,30 19.314,-091 47.396,30 19.356, , , , , , , , , , ,0,AAA, 
42,4,5,18,9,42,-091 47.358,30 19.049, , , , , , , , , , , , ,0,AAA, 
43,4,5,18,9,54,-091 47.139,30 18.686,-091 47.178,30 18.705, , , , , , , , , , ,0,AAA, 
44,4,5,18,9,57,-091 47.185,30 18.722,-091 47.233,30 18.747, , , , , , , , , , ,0,AAA, 
45,4,5,18,13,23,-092 16.985,30 48.327,-092 16.997,30 48.365, , , , , , , , , , ,0,AAA, 
46,4,5,18,13,45,-092 17.088,30 48.577,-092 17.069,30 48.531,AAA,2,0,1,8,0,5,0,4,2,1,AAA, 
47,4,5,18,14,15,-092 17.131,30 48.752,-092 17.184,30 48.797, , , , , , , , , , ,0,AAA, 
48,4,5,18,14,36,-092 17.280,30 49.008,-092 17.227,30 49.021, , , , , , , , , , ,0,AAA, 
49,4,5,18,14,52,-092 16.881,30 49.050,-092 16.949,30 49.025,AAA,2,0,1,8,0,5,0,4,2,7,AAA,Ticks from this transect were divided into several tubes
49,4,5,18,14,52,-092 16.881,30 49.050,-092 16.949,30 49.025,AAA,2,0,1,8,0,5,0,4,3,1,AAA,Ticks from this transect were divided into several tubes
49,4,5,18,14,52,-092 16.881,30 49.050,-092 16.949,30 49.025,AAA,2,0,1,8,0,5,0,4,4,1,AAA,Ticks from this transect were divided into several tubes
50,7,5,18,9,29,-092 16.932,30 47.423,-092 16.951,30 47.473, , , , , , , , , , ,0,AAA, 
51,7,5,18,9,36,-092 16.996,30 47.436,-092 16.956,30 47.474, , , , , , , , , , ,0,AAA, 
52,7,5,18,10,3,-092 16.877,30 48.286,-092 16.837,30 48.307, , , , , , , , , , ,0,AAA, 
53,7,5,18,10,25,-092 16.510,30 48.374,-092 16.549,30 48.400, , , , , , , , , , ,0,AAA, 
54,7,5,18,10,47,-092 16.511,30 48.733,-092 16.557,30 48.703, , , , , , , , , , ,0,AAA, 
55,7,5,18,11,5,-092 16.577,30 48.425,-092 16.561,30 48.392, , , , , , , , , , ,0,AAA, 
56,7,5,18,11,25,-092 16.679,30 48.089,-092 16.689,30 48.096, , , , , , , , , , ,0,AAA, 
57,7,5,18,11,43,-092 16.678,30 47.839,-092 16.713,30 47.801, , , , , , , , , , ,0,AAA, 
58,7,5,18,12,43,-092 16.585,30 16.008,-092 16.629,30 47.997, , , , , , , , , , ,0,AAA, 
59,7,5,18,13,6,-092 16.660,30 48.261,-092 16.665,30 48.308, , , , , , , , , , ,0,AAA, 
60,7,5,18,13,23,-092 16.929,30 48.310,-092 16.978,30 48.353, , , , , , , , , , ,0,AAA, 
61,7,5,18,14,57,-092 17.169,30 48.810,-092 17.127,30 48.848,AAA,2,0,1,8,0,5,0,7,5,2,AAA,Ticks from this transect where placed in the same tube as those from a transect three records down
62,7,5,18,15,15,-092 17.195,30 49.051,-092 17.135,30 49.073, , , , , , , , , , ,0,AAA, 
63,7,5,18,15,39,-092 16.717,30 48.924,-092 16.731,30 48.966, , , , , , , , , , ,0,AAA, 
64,7,5,18,16,2,-092 17.239,30 49.049,-092 17.285,30 49.060,AAA,2,0,1,8,0,5,0,7,5,2,AAA,"Merged with transect 61, same geographic location"
65,7,5,18,16,21,-092 17.406,30 49.237,-092 17.457,30 49.244, , , , , , , , , , ,0,AAA, 
66,7,5,18,16,37,-092 17.531,30 49.569,-092 17.502,30 49.620, , , , , , , , , , ,0,AAA, 
67,7,5,18,16,53,-092 17.271,30 49.848,-092 17.230,30 49.872, , , , , , , , , , ,0,AAA, 
68,8,5,18,9,11,-091 52.135,30 05.297,-091 52.120,30 05.248, , , , , , , , , , ,0,AAA, 
69,8,5,18,9,20,-091 52.040,30 05.135,-091 52.084,30 05.100, , , , , , , , , , ,0,AAA, 
70,8,5,18,9,28,-091 51.949,30 05.151,-091 51.951,30 05.204,AAA,2,0,1,8,0,5,0,7,6,1,AAA, 
71,8,5,18,9,54,-091 52.212,30 05.202,-091 52.256,30 05.235, , , , , , , , , , ,0,AAA, 
72,8,5,18,10,0,-091 52.267,30 05.244,-091 52.276,30 05.207, , , , , , , , , , ,0,AAA, 
73,8,5,18,10,8,-091 52.280,30 05.194,-091 52.255,30 05.150, , , , , , , , , , ,0,AAA, 
74,8,5,18,10,13,-091 52.278,30 05.095,-091 52.258,30 05.052, , , , , , , , , , ,0,AAA, 
75,8,5,18,10,28,-091 52.261,30 05.021,-091 52.298,30 05.054, , , , , , , , , , ,0,AAA, 
76,8,5,18,10,39,-091 52.119,30 05.245,-091 52.161,30 05.235, , , , , , , , , , ,0,AAA, 
77,8,5,18,10,57,-091 52.202,30 05.360,-091 52.212,30 05.409, , , , , , , , , , ,0,AAA, 
78,8,5,18,11,3,-091 52.233,30 05.427,-091 52.191,30 05.430, , , , , , , , , , ,0,AAA, 
79,8,5,18,11,9,-091 52.218,30 05.475,-091 52.222,30 05.525, , , , , , , , , , ,0,AAA, 
80,8,5,18,11,15,-091 52.191,30 05.619,-091 52.174,30 05.667, , , , , , , , , , ,0,AAA, 
81,8,5,18,12,34,-091 59.042,30 15.534,-091 58.986,30 15.524, , , , , , , , , , ,0,AAA, 
82,8,5,18,12,47,-091 58.937,30 15.515,-091 58.979,30 15.520, , , , , , , , , , ,0,AAA, 
83,8,5,18,13,3,-091 58.968,30 15.585,-091 58.951,30 15.601, , , , , , , , , , ,0,AAA, 
84,8,5,18,13,7,-091 58.920,30 15.643,-091 58.915,30 15.664, , , , , , , , , , ,0,AAA, 
85,8,5,18,13,16,-091 58.888,30 15.709,-091 58.868,30 15.748, , , , , , , , , , ,0,AAA, 
86,8,5,18,13,26,-091 58.939,30 15.787,-091 58.983,30 15.798, , , , , , , , , , ,0,AAA, 
87,8,5,18,13,46,-091 59.179,30 15.811,-091 59.196,30 15.854, , , , , , , , , , ,0,AAA, 
88,8,5,18,13,58,-091 59.309,30 15.809,-091 59.305,30 15.765, , , , , , , , , , ,0,AAA, 
89,8,5,18,14,6,-091 59.405,30 15.713,-091 59.447,30 15.697, , , , , , , , , , ,0,AAA, 
90,8,5,18,14,20,-091 59.634,30 15.610,-091 59.579,30 15.603, , , , , , , , , , ,0,AAA, 
91,8,5,18,14,33,-091 59.328,30 15.612,-091 59.350,30 15.645, , , , , , , , , , ,0,AAA, 
92,8,5,18,14,42,-091 59.287,30 15.589,-091 59.230,30 15.592, , , , , , , , , , ,0,AAA, 
93,8,5,18,15,10,-091 59.092,30 15.592,-091 59.111,30 15.639, , , , , , , , , , ,0,AAA, 
94,8,5,18,15,21,-091 58.969,30 15.586,-091 58.947,30 15.629, , , , , , , , , , ,0,AAA, 
95,8,5,18,15,28,-091 58.959,30 15.700,-091 58.941,30 15.738, , , , , , , , , , ,0,AAA, 
96,8,5,18,15,43,-091 59.223,30 15.808,-091 59.226,30 15.756, , , , , , , , , , ,0,AAA, 
97,9,5,18,9,38,-092 08.994,29 51.871,-092 08.952,29 51.893, , , , , , , , , , ,0,AAA, 
98,9,5,18,9,43,-092 08.931,29 51.901,-092 08.889,29 51.880, , , , , , , , , , ,0,AAA, 
99,9,5,18,9,55,-092 08.849,29 51.806,-092 08.817,29 51.789, , , , , , , , , , ,0,AAA, 
100,9,5,18,10,7,-092 08.926,29 51.775,-092 08.879,29 51.786, , , , , , , , , , ,0,AAA, 
101,9,5,18,10,55,-092 08.449,29 51.598,-092 08.437,29 51.563, , , , , , , , , , ,0,AAA, 
102,9,5,18,11,1,-092 08.385,29 51.587,-092 08.360,29 51.624, , , , , , , , , , ,0,AAA, 
103,9,5,18,11,13,-092 08.376,29 51.616,-092 08.398,29 51.573, , , , , , , , , , ,0,AAA, 
104,9,5,18,11,29,-092 08.435,29 51.661, , , , , , , , , , , , ,0,AAA, 
105,9,5,18,14,9,-091 41.559,30 13.004,-091 41.560,30 13.059, , , , , , , , , , ,0,AAA, 
106,9,5,18,14,17,-091 41.539,30 12.927,-091 41.545,30 12.975, , , , , , , , , , ,0,AAA, 
107,9,5,18,14,26,-091 41.540,30 12.851,-091 41.537,30 12.801, , , , , , , , , , ,0,AAA, 
108,9,5,18,14,40,-091 41.623,30 13.045,-091 41.633,30 12.993, , , , , , , , , , ,0,AAA, 
109,9,5,18,15,11,-091 37.736,30 06.096,-091 37.768,30 06.148, , , , , , , , , , ,0,AAA, 
110,9,5,18,15,26,-091 37.673,30 06.000,-091 37.648,30 05.962, , , , , , , , , , ,0,AAA, 
111,9,5,18,15,34,-091 37.695,30 06.010,-091 37.725,30 06.060, , , , , , , , , , ,0,AAA, 
112,9,5,18,15,47,-091 37.706,30 06.158,-091 37.737,30 06.195, , , , , , , , , , ,0,AAA, 
113,9,5,18,15,58,-091 37.583,30 05.958,-091 37.565,30 05.913, , , , , , , , , , ,0,AAA, 
114,10,5,18,10,43,-092 16.511,30 49.712,-092 16.550,30 49.734, , , , , , , , , , ,0,AAA, 
115,10,5,18,10,57,-092 16.463,30 49.747,-092 16.769,30 49.770, , , , , , , , , , ,0,AAA, 
116,10,5,18,11,7,-092 16.500,30 49.803,-092 16.534,30 49.830, , , , , , , , , , ,0,AAA, 
117,10,5,18,11,13,-092 16.542,30 49.859,-092 16.561,30 49.816, , , , , , , , , , ,0,AAA, 
118,10,5,18,11,21,-092 16.581,30 49.815,-092 16.614,30 49.842, , , , , , , , , , ,0,AAA, 
119,10,5,18,11,27,-092 16.626,30 49.832,-092 16.585,30 49.798, , , , , , , , , , ,0,AAA, 
120,10,5,18,12,1,-092 16.489,30 47.468,-092 16.433,30 47.474, , , , , , , , , , ,0,AAA, 
121,10,5,18,12,17,-092 16.558,30 47.528,-092 16.593,30 47.559, , , , , , , , , , ,0,AAA, 
122,10,5,18,12,24,-092 16.599,30 47.601,-092 16.584,30 47.639, , , , , , , , , , ,0,AAA, 
123,10,5,18,12,33,-092 16.628,30 47.602,-092 16.613,30 47.556,AAA,2,0,1,8,0,5,1,0,7,1,AAA, 
124,10,5,18,12,56,-092 16.133,30 47.470,-092 16.148,30 47.441, , , , , , , , , , ,0,AAA, 
125,10,5,18,13,4,-092 16.114,30 47.527,-092 16.128,30 47.486, , , , , , , , , , ,0,AAA, 
126,10,5,18,13,16,-092 16.057,30 47.182,-092 16.008,30 47.200, , , , , , , , , , ,0,AAA, 
127,10,5,18,13,32,-092 16.085,30 47.177,-092 16.087,30 47.217, , , , , , , , , , ,0,AAA, 
128,10,5,18,13,48,-092 16.218,30 47.383,-092 16.268,30 47.386, , , , , , , , , , ,0,AAA, 
129,10,5,18,13,53,-092 16.275,30 47.399,-092 16.221,30 47.395, , , , , , , , , , ,0,AAA, 
130,10,5,18,13,59,-092 16.201,30 47.356,-092 16.161,30 47.333, , , , , , , , , , ,0,AAA, 
131,10,5,18,14,5,-092 16.181,30 47.340,-092 16.187,30 47.296, , , , , , , , , , ,0,AAA, 
132,10,5,18,14,9,-092 16.193,30 47.315,-092 16.246,30 47.321, , , , , , , , , , ,0,AAA, 
133,10,5,18,14,17,-092 16.143,30 47.357,-092 16.111,30 47.392, , , , , , , , , , ,0,AAA, 
134,10,5,18,14,20,-092 16.113,30 47.392,-092 16.094,30 47.352, , , , , , , , , , ,0,AAA, 
135,10,5,18,14,26,-092 16.048,30 47.355,-092 16.103,30 47.336, , , , , , , , , , ,0,AAA, 
136,10,5,18,14,50,-092 16.154,30 47.477,-092 16.184,30 47.441, , , , , , , , , , ,0,AAA, 
137,10,5,18,15,5,-092 16.203,30 47.424,-092 16.253,30 47.434, , , , , , , , , , ,0,AAA, 
138,10,5,18,15,9,-092 16.268,30 47.429,-092 16.223,30 47.411, , , , , , , , , , ,0,AAA, 
139,10,5,18,15,29,-092 16.291,30 47.457,-092 16.282,30 47.499, , , , , , , , , , ,0,AAA, 
140,10,5,18,15,38,-092 16.232,30 47.473,-092 16.234,30 47.513, , , , , , , , , , ,0,AAA, 
141,10,5,18,15,47,-092 16.276,30 47.556,-092 16.221,30 47.608,AAA,2,0,1,8,0,5,1,0,8,1,AAA, 
142,10,5,18,16,14,-092 16.566,30 47.514,-092 16.544,30 47.470,AAA,2,0,1,8,0,5,1,0,8,1,AAA, 
143,10,5,18,16,17,-092 16.536,30 47.455,-092 16.586,30 47.464, , , , , , , , , , ,0,AAA, 
144,11,5,18,9,48,-091 52.156,30 05.371,-091 52.173,30 05.419, , , , , , , , , , ,0,AAA, 
145,11,5,18,10,5,-091 52.150,30 05.684,-091 52.096,30 05.663, , , , , , , , , , ,0,AAA, 
146,11,5,18,10,14,-091 51.883,30 05.646,-091 51.824,30 05.648, , , , , , , , , , ,0,AAA, 
147,11,5,18,10,23,-091 51.621,30 05.678,-091 51.627,30 05.727, , , , , , , , , , ,0,AAA, 
148,11,5,18,10,29,-091 51.620,30 05.795,-091 51.675,30 05.805, , , , , , , , , , ,0,AAA, 
149,11,5,18,10,35,-091 51.762,30 05.809,-091 51.764,30 05.760, , , , , , , , , , ,0,AAA, 
150,11,5,18,10,43,-091 51.813,30 05.663,-091 51.894,30 05.662, , , , , , , , , , ,0,AAA, 
151,11,5,18,10,48,-091 51.953,30 05.657,-091 51.957,30 05.707, , , , , , , , , , ,0,AAA, 
152,11,5,18,11,8,-091 52.057,30 05.745,-091 52.022,30 05.023, , , , , , , , , , ,0,AAA, 
153,11,5,18,11,13,-091 52.000,30 05.779,-091 52.000,30 05.734, , , , , , , , , , ,0,AAA, 
154,11,5,18,11,25,-091 51.990,30 05.863,-091 51.936,30 05.855, , , , , , , , , , ,0,AAA, 
155,11,5,18,11,33,-091 52.049,30 05.880,-091 52.101,30 05.891, , , , , , , , , , ,0,AAA, 
156,11,5,18,11,43,-091 51.999,30 05.859,-091 51.999,30 05.812, , , , , , , , , , ,0,AAA, 
157,11,5,18,11,50,-091 52.101,30 05.752,-091 52.151,30 05.778, , , , , , , , , , ,0,AAA, 
158,11,5,18,11,55,-091 52.190,30 05.795,-091 52.219,30 05.755, , , , , , , , , , ,0,AAA, 
159,11,5,18,12,1,-091 52.254,30 05.755,-091 52.229,30 05.715, , , , , , , , , , ,0,AAA, 
160,14,5,18,13,46,-092 28.243,31 06.771,-092 28.213,31 06.734, , , , , , , , , , ,0,AAA, 
161,14,5,18,13,52,-092 28.207,31 06.719,-092 28.174,31 06.671, , , , , , , , , , ,0,AAA, 
162,14,5,18,14,0,-092 28.031,31 06.727,-092 27.997,31 06.755, , , , , , , , , , ,0,AAA, 
163,14,5,18,14,7,-092 28.077,31 06.827,-092 28.127,31 06.798, , , , , , , , , , ,0,AAA, 
164,14,5,18,14,47,-092 28.202,31 06.922,-092 28.222,31 06.871, , , , , , , , , , ,0,AAA, 
165,14,5,18,15,3,-092 28.247,31 07.065,-092 28.307,31 07.079,AAA,2,0,1,8,0,5,1,4,9,1,AAA, 
166,14,5,18,15,15,-092 28.352,31 07.108,-092 28.299,31 07.127, , , , , , , , , , ,0,AAA, 
167,14,5,18,15,24,-092 28.327,31 07.263,-092 28.276,31 07.245, , , , , , , , , , ,0,AAA, 
168,14,5,18,15,33,-092 28.186,31 07.381,-092 28.197,31 07.436,AAA,2,0,1,8,0,5,1,4,9,1,AAA, 
169,14,5,18,15,42,-092 28.257,31 07.370,-092 28.222,31 07.416, , , , , , , , , , ,0,AAA, 
170,14,5,18,15,50,-092 28.229,31 07.504,-092 28.195,31 07.471, , , , , , , , , , ,0,AAA, 
171,15,5,18,11,59,-092 00.611,31 27.696,-092 00.615,31 27.742, , , , , , , , , , ,0,AAA, 
172,15,5,18,12,9,-092 00.612,31 27.695,-092 00.565,31 27.701, , , , , , , , , , ,0,AAA, 
173,15,5,18,14,9,-091 59.430,31 20.846,-091 59.377,31 20.828, , , , , , , , , , ,0,AAA, 
174,15,5,18,14,13,-091 59.387,31 20.786,-091 59.347,31 20.755, , , , , , , , , , ,0,AAA, 
175,15,5,18,14,17,-091 59.339,31 20.741,-091 59.397,31 20.749, , , , , , , , , , ,0,AAA, 
176,15,5,18,14,22,-091 59.376,31 20.804,-091 59.421,31 20.830, , , , , , , , , , ,0,AAA, 
177,15,5,18,14,39,body,body,body,body,AAA,2,0,1,8,0,5,1,5,10,2,AAA,1 at home on body
178,15,5,18,14,58,-091 59.830,31 20.308,-091 59.789,31 20.344, , , , , , , , , , ,0,AAA, 
179,15,5,18,15,9,-091 59.663,31 20.449,-091 59.023,31 20.416, , , , , , , , , , ,0,AAA, 
180,15,5,18,15,22,-091 59.707,31 20.404,-091 59.747,31 20.381, , , , , , , , , , ,0,AAA, 
181,15,5,18,15,28,-091 59.826,31 20.367,-091 59.874,31 20.371, , , , , , , , , , ,0,AAA, 
182,16,5,18,13,42,-093 26.361,31 00.804,-093 26.406,31 00.407, , , , , , , , , , ,0,AAA, 
183,16,5,18,13,47,-093 26.349,31 00.799,-093 26.289,31 00.807, , , , , , , , , , ,0,AAA, 
184,16,5,18,13,53,-093 26.357,31 00.799,-093 26.386,31 00.754, , , , , , , , , , ,0,AAA, 
185,16,5,18,13,59,-093 26.352,31 00.703,-093 26.313,31 00.694, , , , , , , , , , ,0,AAA, 
186,16,5,18,14,22,-093 26.103,31 00.605,-093 26.059,31 00.589, , , , , , , , , , ,0,AAA, 
187,16,5,18,14,49,-093 25.441,31 01.375,-093 25.489,31 01.400, , , , , , , , , , ,0,AAA, 
188,16,5,18,14,56,-093 25.432,31 01.346,-093 25.461,31 01.313, , , , , , , , , , ,0,AAA, 
189,16,5,18,15,5,-093 25.432,31 01.388,-093 25.415,31 01.428, , , , , , , , , , ,0,AAA, 
190,16,5,18,15,9,-093 25.411,31 01.422,-093 25.377,31 01.423, , , , , , , , , , ,0,AAA, 
191,16,5,18,15,23,-093 24.966,31 01.273,-093 24.944,31 01.320, , , , , , , , , , ,0,AAA, 
192,16,5,18,15,28,-093 24.964,31 01.360,-093 24.957,31 01.406, , , , , , , , , , ,0,AAA, 
193,16,5,18,15,35,-093 24.967,31 01.265,-093 24.909,31 01.278, , , , , , , , , , ,0,AAA, 
194,16,5,18,15,40,-093 24.911,31 01.275,-093 24.877,31 01.319, , , , , , , , , , ,0,AAA, 
195,16,5,18,15,43,-093 24.877,31 01.320,-093 24.959,31 01.352, , , , , , , , , , ,0,AAA, 
196,17,5,18,11,55,-091 57.633,31 05.521,-091 57.571,31 05.559, , , , , , , , , , ,0,AAA, 
197,17,5,18,12,3,-091 57.564,31 05.552,-091 57.586,31 05.512, , , , , , , , , , ,0,AAA, 
198,17,5,18,12,12,-091 57.497,31 05.505,-091 57.526,31 05.466, , , , , , , , , , ,0,AAA, 
199,17,5,18,12,21,-091 57.395,31 05.401,-091 57.377,31 05.443, , , , , , , , , , ,0,AAA, 
200,17,5,18,13,32,-092 01.360,31 07.178,-092 01.366,31 07.132, , , , , , , , , , ,0,AAA, 
201,17,5,18,13,40,-092 01.349,31 07.122,-092 01.359,31 07.078, , , , , , , , , , ,0,AAA, 
202,17,5,18,13,46,-092 01.386,31 07.092,-092 01.386,31 07.050, , , , , , , , , , ,0,AAA, 
203,17,5,18,13,58,-092 01.376,31 06.923,-092 01.323,31 06.923, , , , , , , , , , ,0,AAA, 
204,17,5,18,14,36,-092 01.306,31 07.254,-092 01.277,31 07.218, , , , , , , , , , ,0,AAA, 
205,17,5,18,15,1,-092 00.725,31 07.242,-092 00.763,31 07.212, , , , , , , , , , ,0,AAA, 
206,17,5,18,15,7,-092 00.786,31 07.225,-092 00.764,31 07.212, , , , , , , , , , ,0,AAA, 
207,17,5,18,15,15,-092 00.759,31 07.171,-092 00.801,31 07.198, , , , , , , , , , ,0,AAA, 
208,19,5,18,9,8,-091 51.950,30 05.151,-091 51.951,30 05.198, , , , , , , , , , ,0,AAA, 
209,19,5,18,9,12,-091 51.951,30 05.198,-091 51.950,30 05.254, , , , , , , , , , ,0,AAA, 
210,19,5,18,9,16,-091 51.950,30 05.254,-091 51.950,30 05.305, , , , , , , , , , ,0,AAA, 
211,19,5,18,9,20,-091 51.950,30 05.305,-091 51.950,30 05.359, , , , , , , , , , ,0,AAA, 
212,19,5,18,9,24,-091 51.948,30 05.370,-091 51.942,30 05.420, , , , , , , , , , ,0,AAA, 
213,19,5,18,9,28,-091 51.942,30 05.420,-091 51.946,30 05.466, , , , , , , , , , ,0,AAA, 
214,19,5,18,9,43,-091 51.947,30 05.466,-091 51.949,30 05.516, , , , , , , , , , ,0,AAA, 
215,19,5,18,9,48,-091 51.949,30 05.516,-091 51.954,30 05.565, , , , , , , , , , ,0,AAA, 
216,19,5,18,9,53,-091 51.954,30 05.563,-091 51.943,30 05.608, , , , , , , , , , ,0,AAA, 
217,19,5,18,9,56,-091 51.943,30 05.608,-091 52.009,30 05.630, , , , , , , , , , ,0,AAA, 
218,19,5,18,9,57,-091 52.009,30 05.629,-091 52.060,30 05.649, , , , , , , , , , ,0,AAA, 
219,19,5,18,10,0,-091 52.060,30 05.649,-091 52.114,30 05.671, , , , , , , , , , ,0,AAA, 
220,19,5,18,10,5,-091 52.174,30 05.693,-091 52.226,30 05.714, , , , , , , , , , ,0,AAA, 
221,19,5,18,10,26,-091 52.293,30 05.799,-091 52.258,30 05.762, , , , , , , , , , ,0,AAA, 
222,19,5,18,10,42,-091 52.245,30 05.472,-091 52.240,30 05.410, , , , , , , , , , ,0,AAA, 
223,19,5,18,10,47,-091 52.232,30 05.329,-091 52.179,30 05.329, , , , , , , , , , ,0,AAA, 
224,21,5,18,13,5,-091 59.261,30 39.577,-091 59.215,30 39.551, , , , , , , , , , ,0,AAA, 
225,21,5,18,13,14,-091 59.279,30 39.596,-091 59.273,30 39.548, , , , , , , , , , ,0,AAA, 
226,21,5,18,14,29,-091 57.591,30 38.682,-091 57.612,30 38.731, , , , , , , , , , ,0,AAA, 
227,21,5,18,14,37,-091 57.643,30 38.787,-091 57.671,30 38.741, , , , , , , , , , ,0,AAA, 
228,21,5,18,14,40,-091 57.689,30 38.700,-091 57.740,30 38.634, , , , , , , , , , ,0,AAA, 
229,21,5,18,14,48,-091 57.824,30 38.545,-091 57.882,30 38.515, , , , , , , , , , ,0,AAA, 
230,21,5,18,14,52,-091 57.891,30 38.507,-091 57.906,30 38.457, , , , , , , , , , ,0,AAA, 
231,21,5,18,15,21,-091 57.041,30 38.809,-091 57.662,30 38.859, , , , , , , , , , ,0,AAA, 
232,xx,xx,18,xx,xx,body,body,body,body,AAA,2,0,1,8,x,x,x,x,11,2,AAA,Recovered from body but no date recorded
233,25,5,18,11,6,-092 28.267,31 07.070,-092 28.335,31 07.043, , , , , , , , , , , ,AAA, 
234,25,5,18,11,13,-092 28.390,31 07.105,-092 28.446,31 07.082, , , , , , , , , , , ,AAA, 
235,25,5,18,11,21,-092 28.515,31 06.927,-092 28.513,31 06.875, , , , , , , , , , , ,AAA, 
236,25,5,18,11,29,-092 28.597,31 06.759,-092 28.611,31 06.804, , , , , , , , , , , ,AAA, 
237,25,5,18,11,36,-092 28.705,31 06.965,-092 28.699,31 07.020, , , , , , , , , , , ,AAA, 
238,25,5,18,11,48,-092 28.713,31 07.289,-092 28.695,31 07.346, , , , , , , , , , , ,AAA, 
239,25,5,18,11,53,-092 28.718,31 07.394,-092 28.758,31 07.368, , , , , , , , , , , ,AAA, 
240,25,5,18,11,57,-092 28.751,31 07.368,-092 28.738,31 07.359, , , , , , , , , , , ,AAA, 
241,25,5,18,12,1,-092 28.741,31 07.339,-092 28.743,31 07.297, , , , , , , , , , , ,AAA, 
242,25,5,18,12,7,-092 28.678,31 07.370,-092 28.625,31 07.386, , , , , , , , , , , ,AAA, 
243,25,5,18,12,17,-092 28.362,31 07.346,-092 28.307,31 07.328,AAA,2,0,1,8,0,5,2,5,12,2,AAA, 
244,25,5,18,12,28,-092 28.347,31 07.366,-092 28.342,31 07.419, , , , , , , , , , , ,AAA, 
245,29,5,18,14,30,-092 51.275,30 50.130,-092 51.335,30 50.115, , , , , , , , , , , ,AAA, 
246,29,5,18,14,37,-092 51.313,30 50.023,-092 51.324,30 49.976, , , , , , , , , , , ,AAA, 
247,29,5,18,14,45,-092 51.355,30 49.947,-092 51.422,30 49.943, , , , , , , , , , , ,AAA, 
248,29,5,18,14,56,-092 51.484,30 49.917,-092 51.485,30 49.863, , , , , , , , , , , ,AAA, 
249,29,5,18,15,4,-092 51.460,30 49.715,-092 51.391,30 49.715, , , , , , , , , , , ,AAA, 
250,29,5,18,15,12,-092 51.217,30 49.714,-092 51.220,30 49.660, , , , , , , , , , , ,AAA, 
251,29,5,18,15,23,-092 51.050,30 49.721,-092 51.035,30 49.769, , , , , , , , , , , ,AAA, 
252,29,5,18,15,32,-092 51.035,30 49.957,-092 49.955,30 49.955, , , , , , , , , , , ,AAA, 
253,29,5,18,15,38,-092 51.016,30 49.953,-092 50.957,30 49.956, , , , , , , , , , , ,AAA, 
254,29,5,18,15,42,-092 50.973,30 49.976,-092 50.972,30 50.023, , , , , , , , , , , ,AAA, 
255,29,5,18,15,49,-092 50.985,30 50.148,-092 51.048,30 50.147, , , , , , , , , , , ,AAA, 
256,30,5,18,13,42,-092 34.766,31 05.078,-092 34.788,31 05.029, , , , , , , , , , , ,AAA, 
257,30,5,18,13,46,-092 34.745,31 05.033,-092 34.762,31 05.073, , , , , , , , , , , ,AAA, 
258,30,5,18,14,7,-092 34.361,31 04.902,-092 34.384,31 04.854, , , , , , , , , , , ,AAA, 
259,30,5,18,14,25,-092 33.946,31 05.501,-092 33.946,31 05.553, , , , , , , , , , , ,AAA, 
260,30,5,18,14,43,-092 34.024,31 06.001,-092 33.992,31 06.046, , , , , , , , , , , ,AAA, 
261,30,5,18,14,56,-092 34.210,31 06.132,-092 34.259,31 06.098, , , , , , , , , , , ,AAA, 
262,31,5,18,14,10,-092 35.620,31 43.403,-092 35.651,31 43.463, , , , , , , , , , , ,AAA, 
263,31,5,18,14,25,-092 35.572,31 43.420,-092 35.628,31 43.430,AAA,2,0,1,8,0,5,3,1,13,1,AAA, 
264,31,5,18,14,32,-092 35.671,31 43.496,-092 35.675,31 43.525, , , , , , , , , , , ,AAA, 
265,31,5,18,14,46,-092 35.706,31 43.606,-092 35.680,31 43.654, , , , , , , , , , , ,AAA, 
266,31,5,18,14,57,-092 35.671,31 43.677,-092 35.648,31 43.728, , , , , , , , , , , ,AAA, 
267,31,5,18,15,25,-092 36.457,31 43.474,-092 36.465,31 43.516,AAA,2,0,1,8,0,5,3,1,14,4,AAA, 
268,31,5,18,15,50,-092 36.525,31 43.179,-092 36.473,31 43.211, , , , , , , , , , , ,AAA, 
269,1,6,18,12,22,-092 26.610,31 30.668,-092 26.655,31 30.714, , , , , , , , , , , ,AAA, 
270,1,6,18,12,37,-092 26.566,31 30.681,-092 26.561,31 30.678,AAA,2,0,1,8,0,6,0,1,15,1,AAA, 
271,1,6,18,12,49,-092 26.475,31 30.551,-092 26.591,31 30.519, , , , , , , , , , , ,AAA, 
272,1,6,18,13,20,-092 26.360,31 30.713,-092 26.422,31 30.692, , , , , , , , , , , ,AAA, 
273,1,6,18,13,25,-092 26.125,31 30.688,-092 26.299,31 30.714, , , , , , , , , , , ,AAA, 
274,1,6,18,13,35,-092 26.054,31 30.829,-092 26.077,31 30.856, , , , , , , , , , , ,AAA, 
275,1,6,18,13,39,-092 26.892,31 30.872,-092 25.996,31 30.898, , , , , , , , , , , ,AAA, 
276,1,6,18,14,4,-092 25.892,31 30.994,-092 25.847,31 30.039, , , , , , , , , , , ,AAA, 
277,1,6,18,15,34,body,body,body,body,AAA,2,0,1,8,0,6,0,1,16,1,AAA, 
278,6,6,18,17,11,-092 08.715,29 51.775,-092 08.737,29 51.824, , , , , , , , , , , ,AAA, 
279,7,6,18,11,13,-092 17.215,30 49.861,-092 17.163,30 49.834,AAA,2,0,1,8,0,6,0,7,17,3,AAA, 
280,7,6,18,11,24,-092 17.101,30 49.064,-092 17.083,30 49.916,AAA,2,0,1,8,0,6,0,7,17,1,AAA, 
281,7,6,18,11,41,-092 17.031,30 49.064,-092 16.998,30 50.101,AAA,2,0,1,8,0,6,0,7,17,1,AAA, 
282,7,6,18,11,58,-092 18.025,30 50.271,-092 17.078,-092 17.029, , , , , , , , , , , ,AAA, 
283,7,6,18,12,36,-092 16.837,30 50.371,-092 16.859,30 50.404,AAA,2,0,1,8,0,6,0,7,17,1,AAA, 
284,7,6,18,12,58,-092 16.778,30 50.401,-092 16.740,30 50.396, , , , , , , , , , , ,AAA, 
285,7,6,18,13,11,-092 16.584,30 50.293,-092 16.531,30 50.264, , , , , , , , , , , ,AAA, 
286,7,6,18,13,28,-092 16.452,30 50.073,-092 16.490,30 50.035,AAA,2,0,1,8,0,6,0,7,18,1,AAA, 
287,7,6,18,13,53,-092 16.217,30 49.760,-092 16.185,30 49.712, , , , , , , , , , , ,AAA, 
289,7,6,18,14,12,body,body,body,body,AAA,2,0,1,8,0,6,0,7,18,1,AAA, 
290,7,6,18,14,31,-092 16.042,30 15.308,-092 16.056,30 49.260, , , , , , , , , , , ,AAA, 
292,11,6,18,10,40,-091 59.213,30 15.497,-091 59.160,30 15.489, , , , , , , , , , , ,AAA, 
293,11,6,18,10,47,-091 59.140,30 15.482,-091 59.105,30 15.453, , , , , , , , , , , ,AAA, 
294,11,6,18,10,52,-092 59.024,30 15.413,-092 59.067,30 15.434, , , , , , , , , , , ,AAA, 
295,11,6,18,11,0,-091 59.121,30 15.484,-091 59.092,30 15.516, , , , , , , , , , , ,AAA, 
296,11,6,18,11,7,-091 59.110,30 15.509,-091 59.151,30 15.511, , , , , , , , , , , ,AAA, 
297,11,6,18,11,11,-091 59.218,30 15.514,-091 59.165,30 15.513, , , , , , , , , , , ,AAA, 
298,11,6,18,11,30,-091 59.708,30 15.587,-091 59.661,30 15.557, , , , , , , , , , , ,AAA, 
299,11,6,18,11,34,-091 59.663,30 15.551,-091 59.603,30 15.548, , , , , , , , , , , ,AAA, 
300,11,6,18,11,38,-091 59.602,30 15.556,-091 59.539,30 15.552, , , , , , , , , , , ,AAA, 
301,11,6,18,11,41,-091 59.539,30 15.550, , , , , , , , , , , , , ,AAA, 
302,14,6,18,15,39,-091 59.282,30 15.533,-091 59.339,30 15.538, , , , , , , , , , , ,AAA, 
303,14,6,18, , ,-091 59.335,30 15.482,-091 59.372,30 15.510, , , , , , , , , , , ,AAA, 
304,14,6,18, , ,-091 59.413,30 15.474,-091 59.446,30 15.509, , , , , , , , , , , ,AAA, 
305,14,6,18, , ,-091 59.278,30 15.474,091 59.332,30 15.452, , , , , , , , , , , ,AAA, 
306,15,6,18,11,37,-092 00.064,30 38.659,-092 00.111,30 38.615, , , , , , , , , , , ,AAA, 
307,15,6,18,11,47,-092 00.166,30 38.600,-092 00.236,30 38.584, , , , , , , , , , , ,AAA, 
308,15,6,18,11,55,-092 00.297,30 38.571,-092 00.361,30 38.543, , , , , , , , , , , ,AAA, 
309,15,6,18,12,37,-092 00.035,30 37.742,-092 00.981,30 38.771, , , , , , , , , , , ,AAA, 
310,15,6,18,12,43,-092 00.932,30 37.794,-092 00.870,30 38.792, , , , , , , , , , , ,AAA, 
311,15,6,18,12,48,-092 00.812,30 37.804,-092 00.738,30 38.814, , , , , , , , , , , ,AAA, 
312,15,6,18,12,54,-092 00.681,30 37.826,-092 00.613,30 37.826, , , , , , , , , , , ,AAA, 
313,15,6,18,13,0,-092 00.592,30 37.871,-092 00.584,30 37.925, , , , , , , , , , , ,AAA, 
314,15,6,18,13,8,-092 00.571,30 37.981,-092 00.569,30 37.040, , , , , , , , , , , ,AAA, 
315,15,6,18,13,13,-092 00.564,30 37.093,-092 00.564,30 37.150, , , , , , , , , , , ,AAA, 
316,15,6,18,13,44,-092 00.178,30 37.543,-092 00.119,30 37.517, , , , , , , , , , , ,AAA, 
317,18,6,18,13,55,-092 01.895,31 30.542,-092 01.920,31 30.501, , , , , , , , , , , ,AAA, 
318,18,6,18,14,9,-092 01.945,31 30.417,-092 01.917,31 30.457, , , , , , , , , , , ,AAA, 
319,18,6,18,14,21,-092 01.858,31 30.566,-092 01.808,31 30.605, , , , , , , , , , , ,AAA, 
320,18,6,18,14,29,-092 01.787,31 30.633,-092 01.814,31 30.614, , , , , , , , , , , ,AAA, 
321,18,6,18,14,39,-092 01.881,31 30.552,-092 01.908,31 30.595, , , , , , , , , , , ,AAA, 
322,18,6,18,15,10,-092 01.117,31 30.808,-092 01.083,31 30.850, , , , , , , , , , , ,AAA, 
323,18,6,18,15,28,-092 01.096,31 30.904,-092 01.138,31 30.914, , , , , , , , , , , ,AAA, 
324,18,6,18,15,39,-092 01.169,31 30.976,-092 01.232,31 30.991, , , , , , , , , , , ,AAA, 
325,20,6,18,13,51,-092 22.116,31 26.992,-092 22.179,31 26.992, , , , , , , , , , , ,AAA, 
326,20,6,18,14,0,-092 22.364,31 27.026,-092 22.363,31 27.082, , , , , , , , , , , ,AAA, 
327,20,6,18,14,6,-092 22.363,31 27.173,"-092 22,361",31 27.235, , , , , , , , , , , ,AAA, 
328,20,6,18,14,24,-092 22.069,31 27.461,-092 22.018,31 27.510, , , , , , , , , , , ,AAA, 
329,20,6,18,14,36,-092 22.927,31 27.928,"-092 22,921",31 27.510, , , , , , , , , , , ,AAA, 
330,20,6,18,14,41,-092 22.927,31 27.455,-092 22.993,31 27.461, , , , , , , , , , , ,AAA, 
331,20,6,18,15,2,-092 22.320,31 27.493,"-092 22,316",31 27.452, , , , , , , , , , , ,AAA, 
332,21,6,18,13,24,-092 21.881,31 27.641,-092 21.835,31 27.619, , , , , , , , , , , ,AAA, 
333,21,6,18,14,1,-092 21798,31 27.558,-092 21751,31 27.519, , , , , , , , , , , ,AAA, 
334,21,6,18,14,18,-092 21.698,31 27.504,-092 21.632,31 27.504,AAA,2,0,1,8,0,6,2,1,20,1,AAA, 
335,21,6,18,14,27,-092 21.593,31 27.428,-092 21.541,31 27.447,AAA,2,0,1,8,0,6,2,1,20,1,AAA, 
336,21,6,18,14,40,-092 21.493,31 27.504,-092 21.539,31 27.548, , , , , , , , , , , ,AAA, 
337,21,6,18,14,48,-092 21.528,31 27.573,-092 21.482,31 27.543, , , , , , , , , , , ,AAA, 
338,21,6,18,15,10,-092 21.408,31 27.707,-092 21.356,31 27.709, , , , , , , , , , , ,AAA, 
339,26,6,18,11,24,-092 44.398,30 44.827,-092 44.403,30 44.774, , , , , , , , , , , ,AAA, 
340,26,6,18,11,32,-092 44.426,30 44.727,-092 44.467,30 44.759, , , , , , , , , , , ,AAA, 
341,26,6,18,11,50,-092 44.360,30 44.766,-092 44.348,30 44.811, , , , , , , , , , , ,AAA, 
342,26,6,18,12,41,-092 42.131,30 49.052,-092 42.142,30 49.102, , , , , , , , , , , ,AAA, 
343,26,6,18,12,49,-092 42.145,30 49.167,-092 42.146,30 49.270, , , , , , , , , , , ,AAA, 
344,26,6,18,12,58,-092 42.171,30 49.392,-092 42.211,30 49.439, , , , , , , , , , , ,AAA, 
345,26,6,18,13,35,-092 43.176,30 49.668,-092 43.233,30 49.637, , , , , , , , , , , ,AAA, 
346,26,6,18,13,49,-092 43.279,30 49.745,-092 43.278,30 49.293, , , , , , , , , , , ,AAA, 
347,26,6,18,13,54,-092 43.291,30 49.230,-092 43.232,30 49.197, , , , , , , , , , , ,AAA, 
348,26,6,18,14,19,-092 42.872,30 49.028,-092 42.819,30 49.035, , , , , , , , , , , ,AAA, 
349,26,6,18,15,57,-092 49.595,30 49.219,-092 49.536,30 49.208, , , , , , , , , , , ,AAA, 
350,26,6,18,16,3,-092 49.628,30 49.228,-092 49.663,30 49.196, , , , , , , , , , , ,AAA, 
351,26,6,18,16,15,-092 49.746,30 49.146,-092 49.721,30 49.121, , , , , , , , , , , ,AAA, 
352,27,6,18,14,28,-091 52.210,30 05.198,-091 52.255,30 05.161, , , , , , , , , , , ,AAA, 
353,27,6,18,14,33,-091 52.855,30 05.161,-091 52.265,30 05.111, , , , , , , , , , , ,AAA, 
354,27,6,18,14,43,-091 52.265,30 05.041,-091 52.305,30 05.084, , , , , , , , , , , ,AAA, 
355,27,6,18,14,53,-091 52.270,30 05.105,-091 52.245,30 05.056, , , , , , , , , , , ,AAA, 
356,27,6,18,14,56,-091 52.245,30 05.056,-091 52.218,30 05.008, , , , , , , , , , , ,AAA, 
357,27,6,18,15,0,-091 52.017,30 05.018,-091 52.184,30 05.089, , , , , , , , , , , ,AAA, 
358,27,6,18,15,3,-091 52.184,30 05.000,-091 52.160,30 05.054, , , , , , , , , , , ,AAA, 
359,27,6,18,15,9,-091 52.153,30 05.065,-091 52.191,30 05.111, , , , , , , , , , , ,AAA, 
360,27,6,18,15,31,-091 52.191,30 05.111,-091 52.207,30 05.156, , , , , , , , , , , ,AAA, 
361,28,6,18,10,47,-092 16.040,30 48.760,-092 16.016,30 48.804, , , , , , , , , , , ,AAA, 
362,28,6,18,10,53,-092 15.980,30 48.090,-092 15.970,30 48.839, , , , , , , , , , , ,AAA, 
363,28,6,18,11,21,-092 15.990,30 49.008,-092 15.941,30 48.980, , , , , , , , , , , ,AAA, 
364,28,6,18,11,38,-092 15.872,30 48.935,-092 15.833,30 48.907, , , , , , , , , , , ,AAA, 
365,28,6,18,11,44,-092 15.765,30 46.756,-092 15.704,30 48.737, , , , , , , , , , , ,AAA, 
366,28,6,18,12,0,-092 15.725,30 48.481,-092 15.759,30 48.431, , , , , , , , , , , ,AAA, 
367,28,6,18,12,33,-092 15.886,30 48.261,-092 15.860,30  48.225, , , , , , , , , , , ,AAA, 
368,28,6,18,13,5,-092 15.788,30 48.906,-092 15.831,30 48.897, , , , , , , , , , , ,AAA, 
369,28,6,18,13,16,-092 15.827,30 48.770,-092 15.784,30 48.732, , , , , , , , , , , ,AAA, 
370,28,6,18,13,26,-092 15.680,30 48.078,-092 15.673,30 48.673, , , , , , , , , , , ,AAA, 
371,28,6,18,13,56,-092 15.568,30 45.417,-092 15.531,30 48.374, , , , , , , , , , , ,AAA, 
372,28,6,18,15,10,-092 15.729,30 46.446,-092 15.707,30 46.474, , , , , , , , , , , ,AAA, 
373,28,6,18,15,26,-092 15.447,30 46.628,-092 15.407,30 46.657, , , , , , , , , , , ,AAA, 
374,2,7,18,14,28,-092 54.283,32 05.011,-092 54.302,32 04.964, , , , , , , , , , , ,AAA, 
375,2,7,18,14,35,-092 54.297,32 04.957,-092 54.261,32 04.915, , , , , , , , , , , ,AAA, 
376,2,7,18,14,37,-092 54.259,32 04.917,-092 54.278,32 04.868, , , , , , , , , , , ,AAA, 
377,2,7,18,14,41,-092 54.330,32 04.848,-092 54.382,32 04.862, , , , , , , , , , , ,AAA, 
378,2,7,18,14,49,-092 54.571,32 04.917,-092 54.535,32 04.878,AAA,2,0,1,8,0,7,0,2,21,2,AAA, 
379,2,7,18,14,57,-092 54.527,32 04.880,-092 54.821,32 04.525, , , , , , , , , , , ,AAA, 
380,2,7,18,15,3,-092 54.600,32 04.809,-092 54.615,32 04.750, , , , , , , , , , , ,AAA, 
381,2,7,18,15,8,-092 54.611,32 04.695,-092 54.563,32 04.690, , , , , , , , , , , ,AAA, 
382,2,7,18,15,13,-092 54.469,32 04.695,"-092 54,513",32 04.652,AAA,2,0,1,8,0,7,0,2,21,1,AAA, 
383,2,7,18,15,20,-092 54.527,32 04.605,-092 54.483,32 04.578,AAA,2,0,1,8,0,7,0,2,TAPE,xx,AAA,TAPE OF YOUNG TICKS
384,3,7,18,12,54,-092 46.701,31 54.049,-092 46.598,31 54.047, , , , , , , , , , , ,AAA, 
385,3,7,18,13,1,-092 46.597,31 54.047,-092 46.559,31 54.086, , , , , , , , , , , ,AAA, 
386,3,7,18,13,7,-092 46.490,31 54.072,-092 46.470,31 54.023,AAA,2,0,1,8,0,7,0,3,22,1,AAA, 
387,3,7,18,13,13,-092 46.445,31 53.992,-092 46.406,31 53.964, , , , , , , , , , , ,AAA, 
388,3,7,18,13,24,-092 46.436,31 53.808,-092 46.504,31 53.797, , , , , , , , , , , ,AAA, 
389,3,7,18,13,33,-092 46.608,31 53.856,-092 46.652,31 53.837, , , , , , , , , , , ,AAA, 
390,3,7,18,14,6,-092 46.560,31 53.944,-092 46.503,31 53.949, , , , , , , , , , , ,AAA, 
391,3,7,18,14,16,-092 46.493,31 53.921,-092 46.528,31 53.923, , , , , , , , , , , ,AAA, 
392,17,7,18,13,56,-092 48.776,30 49.062,-092 49.062,30 49.062, , , , , , , , , , , ,AAA, 
393,17,7,18,14,7,-092 48.854,30 49.067,-092 49.067,30 49.070, , , , , , , , , , , ,AAA, 
394,17,7,18,14,11,-092 48.914,30 49.037,-092 49.037,30 48.992, , , , , , , , , , , ,AAA, 
395,17,7,18,14,19,-092 48.912,30 48.935,-092 48.935,30 48.904, , , , , , , , , , , ,AAA, 
396,17,7,18,14,22,-092 47.685,30 48.797,-092 48.797,30 48.814, , , , , , , , , , , ,AAA, 
397,17,7,18,16,6,-092 47.744,30 48.130,-092 48.896,30 48.137, , , , , , , , , , , ,AAA, 
398,18,7,18,12,4,-092 00.841,31 07.159,-092 00.896,31 07.175, , , , , , , , , , , ,AAA, 
399,18,7,18,12,11,-092 00.896,31 07.175,-092 00.905,31 07.224, , , , , , , , , , , ,AAA, 
400,18,7,18,12,14,-092 00.905,31 07.224,-092 00.910,31 07.263, , , , , , , , , , , ,AAA, 
401,18,7,18,12,17,-092 00.916,31 07.262,-092 00.958,31 07.266, , , , , , , , , , , ,AAA, 
402,18,7,18,12,20,-092 00.944,31 07.253,-092 00.944,31 07.205, , , , , , , , , , , ,AAA, 
403,18,7,18,12,23,-092 00.944,31 07.205,-092 00.933,31 07.158, , , , , , , , , , , ,AAA, 
404,18,7,18,12,26,-092 00.934,31 07.151,-092 00.916,31 07.117, , , , , , , , , , , ,AAA, 
405,18,7,18,12,28,-092 00.916,31 07.118,-092 00.910,31 07.081, , , , , , , , , , , ,AAA, 
406,18,7,18,12,31,-092 00.910,31 07.081,-092 00.859,31 07.098, , , , , , , , , , , ,AAA, 
407,18,7,18,12,34,-092 00.859,31 07.098,-092 00.835,31 07.131, , , , , , , , , , , ,AAA, 
408,18,7,18,15,11,-092 58.741,31 06.543,-092 58.716,31 06.500, , , , , , , , , , , ,AAA, 
409,18,7,18,15,13,-092 58.716,31 06.500,-092 58.694,31 06.451, , , , , , , , , , , ,AAA, 
410,18,7,18,15,15,-092 58.694,31 06.451,-092 58.666,31 06.399, , , , , , , , , , , ,AAA, 
411,18,7,18,15,17,-092 58.666,31 06.399,-092 58.614,31 06.371, , , , , , , , , , , ,AAA, 
412,18,7,18,15,23,-092 58.579,31 06.295,-092 58.548,31 06.258, , , , , , , , , , , ,AAA, 
413,18,7,18,15,41,-092 58.258,31 05.899,-092 58.223,31 05.858, , , , , , , , , , , ,AAA, 
414,19,7,18,11,8,-092 32.841,31 04.413,-092 32.838,31 04.464, , , , , , , , , , , ,AAA, 
415,19,7,18,11,14,-092 32.838,31 04.464,-092 32.794,31 04.445, , , , , , , , , , , ,AAA, 
416,19,7,18,11,21,-092 32.851,31 04.402,-092 32.911,31 04.402, , , , , , , , , , , ,AAA, 
417,19,7,18,14,3,-092 32.147,31 03.089,-092 32.163,31 03.046, , , , , , , , , , , ,AAA, 
418,19,7,18,14,6,-092 24.505,31 03.531,-092 24.562,31 03.344, , , , , , , , , , , ,AAA, 
419,19,7,18,15,4,-092 27.421,31 03.059,-092 27.391,31 03.101, , , , , , , , , , , ,AAA, 
420,19,7,18,15,13,-092 27.509,31 02.911,-092 27.558,31 02.013, , , , , , , , , , , ,AAA, 
421,23,7,18,12,30,-092 22.656,31 25.211,-092 22.730,31 25.201, , , , , , , , , , , ,AAA, 
422,23,7,18,12,35,-092 22.774,31 25.204,-092 22.706,31 25.222, , , , , , , , , , , ,AAA, 
423,23,7,18,12,39,-092 22.700,31 25.227,-092 22.663,31 25.272, , , , , , , , , , , ,AAA, 
424,23,7,18,12,42,-092 22.669,31 25.277,-092 22.653,"31 25,330", , , , , , , , , , , ,AAA, 
425,23,7,18,12,45,-092 22.651,31 25.332,-092 22.644,31 25.399, , , , , , , , , , , ,AAA, 
426,23,7,18,12,49,-092 22.644,31 25.398,-092 22.619,31 25.445, , , , , , , , , , , ,AAA, 
427,23,7,18,15,46,-092 54.468,32 04.575,-092 54.436,32 04.546, , , , , , , , , , , ,AAA, 
428,23,7,18,15,56,-092 54.449,31 25.563, , , , , , , , , , , , , ,AAA, 
429,23,7,18,15,59,-092 54.464,31 25.566, , , , , , , , , , , , , ,AAA, 
430,23,7,18,16,5,-092 54.465,32 04.565,-092 54.496,32 04.599,AAA,2,0,1,8,0,7,2,3,23,1,AAA, 
431,24,7,18,14,29,-092 59.637,31 28.548,-092 59.626,31 28.593, , , , , , , , , , , ,AAA, 
432,24,7,18,14,33,-092 59.646,31 28.616,-092 59.624,31 28.666, , , , , , , , , , , ,AAA, 
433,24,7,18,14,47,-092 59.582,31 28.666,-092 59.545,31 28.705, , , , , , , , , , , ,AAA, 
434,24,7,18,14,54,-092 59.633,31 28.756,-092 59.677,31 28.728,AAA,2,0,1,8,0,7,2,4,24,1,AAA, 
435,24,7,18,15,15,-092 59.749,31 28.785,-092 59.771,31 28.829, , , , , , , , , , , ,AAA, 
436,24,7,18,15,31,-092 59.859,31 28.707,-092 59.879,31 28.683, , , , , , , , , , , ,AAA, 
437,25,7,18,11,8,-091 58.977,30 15.529,-091 58.947,30 15.587, , , , , , , , , , , ,AAA, 
438,25,7,18,11,16,-091 58.947,30 15.587,-091 58.935,30 15.616, , , , , , , , , , , ,AAA, 
439,25,7,18,11,19,-091 58.935,30 15.616,-091 58.915,30 15.651, , , , , , , , , , , ,AAA, 
440,25,7,18,11,23,-091 58.915,30 15.651,-091 58.892,30 15.698, , , , , , , , , , , ,AAA, 
441,25,7,18,11,29,-091 58.892,30 15.698,-091 58.875,30 15.740, , , , , , , , , , , ,AAA, 
442,25,7,18,11,33,-091 58.875,30 15.740,-091 58.858,30 15.758, , , , , , , , , , , ,AAA, 
443,25,7,18,11,38,-091 58.858,30 15.758,-091 58.906,30 15.775, , , , , , , , , , , ,AAA, 
444,25,7,18,11,42,-091 58.906,30 15.773,-091 58.965,30 15.805, , , , , , , , , , , ,AAA, 
445,25,7,18,11,48,-091 58.965,30 15.805,-091 58.022,30 15.779, , , , , , , , , , , ,AAA, 
446,25,7,18,11,52,-091 59.022,30 15.779,-091 59.066,30 15.799, , , , , , , , , , , ,AAA, 
447,25,7,18,11,55,-091 59.066,30 15.800,-091 59.192,30 15.810, , , , , , , , , , , ,AAA, 
448,25,7,18,14,55,-092 27.292,30 15.334,-092 27.259,31 07.324, , , , , , , , , , , ,AAA, 
449,26,7,18,15,43,-092 29.992,31 06.274,-092 29.954,31 06.274, , , , , , , , , , , ,AAA, 
450,26,7,18,16,2,-092 29.620,31 06.556,-092 29.601,31 06.556, , , , , , , , , , , ,AAA, 
451,26,7,18,16,4,-092 29.602,31 06.614,-092 29.566,31 06.614, , , , , , , , , , , ,AAA, 
452,26,7,18,16,9,-092 29.541,31 06.715,-092 29.534,31 06.715, , , , , , , , , , , ,AAA, 
453,26,7,18,16,17,-092 29.519,31 06.801,-092 29.529,31 06.801, , , , , , , , , , , ,AAA, 
454,26,7,18,16,21,-092 29.557,31 06.896,-092 29.575,31 06.896, , , , , , , , , , , ,AAA, 
455,26,7,18,16,26,-092 29.573,31 06.000,-092 29.570,31 06.000, , , , , , , , , , , ,AAA, 
456,30,7,18,13,52,-092 15.557,30 46.951,-092 15.514,30 46.999, , , , , , , , , , , ,AAA, 
457,30,7,18,14,15,-092 15.389,30 46.802,-092 15.380,30 46.745, , , , , , , , , , , ,AAA, 
458,30,7,18,14,30,-092 15.612,30 46.613,-092 15.624,30 46.555, , , , , , , , , , , ,AAA, 
459,30,7,18,14,40,-092 15.789,30 46.303,-092 15.788,30 46.255, , , , , , , , , , , ,AAA, 
460,30,7,18,15,0,-092 15.658,30 46.021,-092 15.615,30 45.785, , , , , , , , , , , ,AAA, 
461,30,7,18,15,15,-092 17.961,30 45.872,-092 16.033,30 45.866, , , , , , , , , , , ,AAA, 
462,30,7,18,15,36,-092 45.684,30 45.684,-092 16.358,30 45.619, , , , , , , , , , , ,AAA, 
463,30,7,18,15,55,-092 16.662,30 45.538,-092 16.698,30 45.519, , , , , , , , , , , ,AAA, 
464,30,7,18,16,17,-092 16.733,30 45.899,-092 16.653,30 45.065, , , , , , , , , , , ,AAA, 
465,30,7,18,16,53,-092 16.193,30 46.235,-092 16.243,30 46.253,AAA,2,0,1,8,0,7,3,0,25,4,AAA, 
466,30,7,18, , ,body,body,body,body,AAA,2,0,1,8,0,7,3,0,25,1,AAA, 
467,28,9,18,13,16,-091 59.090,30 15.570,-091 59.125,30 15.558, , , , , , , , , , , ,AAA, 
468,28,9,18,13,20,-091 59.126,30 15.558,-091 59.152,30 15.560, , , , , , , , , , , ,AAA, 
469,28,9,18,13,24,-091 59.149,30 15.560,-091 59.098,30 15.548, , , , , , , , , , , ,AAA, 
470,28,9,18,13,27,-091 59.098,30 15.548,-091 59.150,30 15.531, , , , , , , , , , , ,AAA, 
471,28,9,18,13,33,-091 59.150,30 15.555,-091 59.092,30 15.534, , , , , , , , , , , ,AAA, 
