transect,day,month,year,hour,min,startLng,startLat,endLng,endLat,INIT,y0,y1,y2,y3,m0,m1,d0,d1,SeqNum,numTicks,collector,notes,fieldCode,startLNGDegrees,startLNGMinutes,startLNG,startLATDegrees,startLATMinutes,startLAT,endLNGDegrees,endLNGMinutes,endLNG,endLATDegrees,endLATMinutes,endLAT,lng,lat
1,1,5,18,14,33,-092 00.541,30 18.367, , , , , , , , , , , , ,0,AAA, ,,-092,00.541,-92.00902,30,18.367,30.30612, ,, , ,, , , 
2,1,5,18,14,38,-092 00.547,30 18.433,-092 00.592,30 18.439, , , , , , , , , , ,0,AAA, ,,-092,00.547,-92.00912,30,18.433,30.30722,-092,00.592,-92.00987,30,18.439,30.30732,-92.009495,30.307270000000003
3,1,5,18,14,49,-092 00.648,30 18.447,-092 00.649,30 18.413, , , , , , , , , , ,0,AAA, ,,-092,00.648,-92.0108,30,18.447,30.30745,-092,00.649,-92.01082,30,18.413,30.30688,-92.01080999999999,30.307164999999998
4,1,5,18,15,4,-092 00.873,30 18.465, , , , , , , , , , , , ,0,AAA, ,,-092,00.873,-92.01455,30,18.465,30.30775, ,, , ,, , , 
5,1,5,18,15,16,-092 00.881,30 18.406,-092 00.840,30 18.443, , , , , , , , , , ,0,AAA, ,,-092,00.881,-92.01468,30,18.406,30.30677,-092,00.840,-92.014,30,18.443,30.30738,-92.01434,30.307074999999998
6,1,5,18,15,28,-092 00.901,30 18.299, , , , , , , , , , , , ,0,AAA, ,,-092,00.901,-92.01502,30,18.299,30.30498, ,, , ,, , , 
7,1,5,18,15,40,-092 00.729,30 18.281,-092 00.761,30 18.315, , , , , , , , , , ,0,AAA, ,,-092,00.729,-92.01215,30,18.281,30.30468,-092,00.761,-92.01268,30,18.315,30.30525,-92.012415,30.304965000000003
8,2,5,18,8,21,-092 08.017,29 51.767,-092 08.017,29 51.307, , , , , , , , , , ,0,AAA, ,,-092,08.017,-92.13362,29,51.767,29.86278,-092,08.017,-92.13362,29,51.307,29.85512,-92.13362,29.85895
9,2,5,18,8,28,-092 08.938,29 51.762,-092 08.980,29 51.740, , , , , , , , , , ,0,AAA, ,,-092,08.938,-92.14897,29,51.762,29.8627,-092,08.980,-92.14967,29,51.740,29.86233,-92.14932,29.862515000000002
10,2,5,18,8,39,-092 09.042,29 09.042,-092 09.052,29 51.831, , , , , , , , , , ,0,AAA, ,,-092,09.042,-92.1507,29,09.042,29.1507,-092,09.052,-92.15087,29,51.831,29.86385,-92.150785,29.507275
11,2,5,18,9,4,-092 09.022,29 51.659,-092 09.021,29 51.706, , , , , , , , , , ,0,AAA, ,,-092,09.022,-92.15037,29,51.659,29.86098,-092,09.021,-92.15035,29,51.706,29.86177,-92.15036,29.861375000000002
12,2,5,18,9,15,-092 08.882,29 51.783,-092 08.931,29 51.778, , , , , , , , , , ,0,AAA, ,,-092,08.882,-92.14803,29,51.783,29.86305,-092,08.931,-92.14885,29,51.778,29.86297,-92.14844,29.863010000000003
13,2,5,18,11,43,-092 16.121,30 49.125,-092 16.084,30 49.081, , , , , , , , , , ,0,AAA, ,,-092,16.121,-92.26868,30,49.125,30.81875,-092,16.084,-92.26807,30,49.081,30.81802,-92.26837499999999,30.818385
14,2,5,18,11,56,-092 16.113,30 49.136,-092 16.124,30 49.188, , , , , , , , , , ,0,AAA, ,,-092,16.113,-92.26855,30,49.136,30.81893,-092,16.124,-92.26873,30,49.188,30.8198,-92.26864,30.819365
15,2,5,18,12,3,-092 16.071,30 49.089,-092 16.034,30 49.061, , , , , , , , , , ,0,AAA, ,,-092,16.071,-92.26785,30,49.089,30.81815,-092,16.034,-92.26723,30,49.061,30.81768,-92.26754,30.817915
16,2,5,18,12,13,-092 16.043,30 49.062,-092 16.052,30 49.045, , , , , , , , , , ,0,AAA, ,,-092,16.043,-92.26738,30,49.062,30.8177,-092,16.052,-92.26753,30,49.045,30.81742,-92.267455,30.81756
17,2,5,18,12,24,-092 16.993,30 49.088, , , , , , , , , , , , ,0,AAA, ,,-092,16.993,-92.28322,30,49.088,30.81813, ,, , ,, , , 
18,2,5,18,12,38,-092 16.048,30 49.315,-092 16.048,30 49.265, , , , , , , , , , ,0,AAA, ,,-092,16.048,-92.26747,30,49.315,30.82192,-092,16.048,-92.26747,30,49.265,30.82108,-92.26747,30.8215
19,2,5,18,13,1,-092 16.065,30 49.615,-092 16.072,30 49.570, , , , , , , , , , ,0,AAA, ,,-092,16.065,-92.26775,30,49.615,30.82692,-092,16.072,-92.26787,30,49.570,30.82617,-92.26781,30.826545000000003
20,2,5,18,13,10,-092 16.098,30 49.489,-092 16.090,30 49.431, , , , , , , , , , ,0,AAA, ,,-092,16.098,-92.2683,30,49.489,30.82482,-092,16.090,-92.26817,30,49.431,30.82385,-92.268235,30.824334999999998
21,2,5,18,14,55,-092 59.031,30 15.418,-091 59.060,30 15.505, , , , , , , , , , ,0,AAA, ,,-092,59.031,-92.98385,30,15.418,30.25697,-091,59.060,-91.98433,30,15.505,30.25842,-92.48409000000001,30.257695
22,2,5,18, , ,-091 59.059,30 15.504,-091 59.041,30 15.458, , , , , , , , , , ,0,AAA, ,,-091,59.059,-91.98432,30,15.504,30.2584,-091,59.041,-91.98402,30,15.458,30.25763,-91.98417,30.258015
23,2,5,18,16,20,-091 47.279,30 20.669,-091 47.282,30 20.721, , , , , , , , , , ,0,AAA, ,,-091,47.279,-91.78798,30,20.669,30.34448,-091,47.282,-91.78803,30,20.721,30.34535,-91.788005,30.344915
24,2,5,18,16,29,-091 47.285,30 20.579,-091 47.290,30 20.527, , , , , , , , , , ,0,AAA, ,,-091,47.285,-91.78808,30,20.579,30.34298,-091,47.290,-91.78817,30,20.527,30.34212,-91.788125,30.342550000000003
25,3,5,18,8,11,-091 47.499,30 21.891,-091 47.510,30 21.941, , , , , , , , , , ,0,AAA, ,,-091,47.499,-91.79165,30,21.891,30.36485,-091,47.510,-91.79183,30,21.941,30.36568,-91.79174,30.365265
26,3,5,18,8, ,-091 47.493,30 21.880,-091 47.485,30 21.826, , , , , , , , , , ,0,AAA, ,,-091,47.493,-91.79155,30,21.880,30.36467,-091,47.485,-91.79142,30,21.826,30.36377,-91.791485,30.36422
27,3,5,18,8,36,-091 47.504,30 21.949, , , , , , , , , , , , ,0,AAA, ,,-091,47.504,-91.79173,30,21.949,30.36582, ,, , ,, , , 
28,3,5,18,8,46,-091 47.470,30 21.914,-091 47.493,30 21.954, , , , , , , , , , ,0,AAA, ,,-091,47.470,-91.79117,30,21.914,30.36523,-091,47.493,-91.79155,30,21.954,30.3659,-91.79136,30.365565
29,3,5,18,9,43,-091 59.669,30 15.597,-091 59.624,30 15.573, , , , , , , , , , ,0,AAA, ,,-091,59.669,-91.99448,30,15.597,30.25995,-091,59.624,-91.99373,30,15.573,30.25955,-91.99410499999999,30.25975
30,3,5,18,9,55,-091 59.620,30 15.581,-091 59.556,30 15.577, , , , , , , , , , ,0,AAA, ,,-091,59.620,-91.99367,30,15.581,30.25968,-091,59.556,-91.9926,30,15.577,30.25962,-91.993135,30.25965
31,3,5,18,10,11,-091 59.154,30 15.559,-091 59.092,30 15.560, , , , , , , , , , ,0,AAA, ,,-091,59.154,-91.9859,30,15.559,30.25932,-091,59.092,-91.98487,30,15.560,30.25933,-91.98538500000001,30.259324999999997
32,3,5,18,10,26,-091 59.072,30 15.545,-091 59.091,30 15.595, , , , , , , , , , ,0,AAA, ,,-091,59.072,-91.98453,30,15.545,30.25908,-091,59.091,-91.98485,30,15.595,30.25992,-91.98469,30.259500000000003
33,3,5,18,12,18,-092 17.054,30 48.538,-092 17.023,30 48.505,AAA,2,0,1,8,0,5,0,3,1,3,AAA, ,AAA2018050301,-092,17.054,-92.28423,30,48.538,30.80897,-092,17.023,-92.28372,30,48.505,30.80842,-92.283975,30.808695
34,3,5,18,13,0,-092 17.081,30 48.636,-092 17.048,30 48.681, , , , , , , , , , ,0,AAA, ,,-092,17.081,-92.28468,30,48.636,30.8106,-092,17.048,-92.28413,30,48.681,30.81135,-92.28440499999999,30.810975
35,3,5,18,13,12,-092 17.143,30 48.762,-092 17.190,30 48.734, , , , , , , , , , ,0,AAA, ,,-092,17.143,-92.28572,30,48.762,30.8127,-092,17.190,-92.2865,30,48.734,30.81223,-92.28611000000001,30.812465
36,3,5,18,16,6,-092 08.790,29 51.824,-092 08.833,29 51.856, , , , , , , , , , ,0,AAA, ,,-092,08.790,-92.1465,29,51.824,29.86373,-092,08.833,-92.14722,29,51.856,29.86427,-92.14686,29.864
37,4,5,18,8,8,-091 47.255,30 20.653,-091 47.249,30 20.705, , , , , , , , , , ,0,AAA, ,,-091,47.255,-91.78758,30,20.653,30.34422,-091,47.249,-91.78748,30,20.705,30.34508,-91.78753,30.34465
38,4,5,18,8,24,-091 47.291,30 20.836,-091 20.786,30 20.786, , , , , , , , , , ,0,AAA, ,,-091,47.291,-91.78818,30,20.836,30.34727,-091,20.786,-91.34643,30,20.786,30.34643,-91.567305,30.346850000000003
39,4,5,18,9,4,-091 47.411,30 19.557,-091 47.420,30 19.508, , , , , , , , , , ,0,AAA, ,,-091,47.411,-91.79018,30,19.557,30.32595,-091,47.420,-91.79033,30,19.508,30.32513,-91.790255,30.32554
40,4,5,18,9,14,-091 47.397,30 19.407,-091 47.409,30 19.456, , , , , , , , , , ,0,AAA, ,,-091,47.397,-91.78995,30,19.407,30.32345,-091,47.409,-91.79015,30,19.456,30.32427,-91.79005000000001,30.32386
41,4,5,18,9,24,-091 47.393,30 19.314,-091 47.396,30 19.356, , , , , , , , , , ,0,AAA, ,,-091,47.393,-91.78988,30,19.314,30.3219,-091,47.396,-91.78993,30,19.356,30.3226,-91.789905,30.32225
42,4,5,18,9,42,-091 47.358,30 19.049, , , , , , , , , , , , ,0,AAA, ,,-091,47.358,-91.7893,30,19.049,30.31748, ,, , ,, , , 
43,4,5,18,9,54,-091 47.139,30 18.686,-091 47.178,30 18.705, , , , , , , , , , ,0,AAA, ,,-091,47.139,-91.78565,30,18.686,30.31143,-091,47.178,-91.7863,30,18.705,30.31175,-91.78597500000001,30.311590000000002
44,4,5,18,9,57,-091 47.185,30 18.722,-091 47.233,30 18.747, , , , , , , , , , ,0,AAA, ,,-091,47.185,-91.78642,30,18.722,30.31203,-091,47.233,-91.78722,30,18.747,30.31245,-91.78682,30.31224
45,4,5,18,13,23,-092 16.985,30 48.327,-092 16.997,30 48.365, , , , , , , , , , ,0,AAA, ,,-092,16.985,-92.28308,30,48.327,30.80545,-092,16.997,-92.28328,30,48.365,30.80608,-92.28318,30.805765
46,4,5,18,13,45,-092 17.088,30 48.577,-092 17.069,30 48.531,AAA,2,0,1,8,0,5,0,4,2,1,AAA, ,AAA2018050402,-092,17.088,-92.2848,30,48.577,30.80962,-092,17.069,-92.28448,30,48.531,30.80885,-92.28464,30.809235
47,4,5,18,14,15,-092 17.131,30 48.752,-092 17.184,30 48.797, , , , , , , , , , ,0,AAA, ,,-092,17.131,-92.28552,30,48.752,30.81253,-092,17.184,-92.2864,30,48.797,30.81328,-92.28596,30.812905
48,4,5,18,14,36,-092 17.280,30 49.008,-092 17.227,30 49.021, , , , , , , , , , ,0,AAA, ,,-092,17.280,-92.288,30,49.008,30.8168,-092,17.227,-92.28712,30,49.021,30.81702,-92.28756,30.81691
49,4,5,18,14,52,-092 16.881,30 49.050,-092 16.949,30 49.025,AAA,2,0,1,8,0,5,0,4,2,7,AAA,Ticks from this transect were divided into several tubes,AAA2018050402,-092,16.881,-92.28135,30,49.050,30.8175,-092,16.949,-92.28248,30,49.025,30.81708,-92.281915,30.81729
49,4,5,18,14,52,-092 16.881,30 49.050,-092 16.949,30 49.025,AAA,2,0,1,8,0,5,0,4,3,1,AAA,Ticks from this transect were divided into several tubes,AAA2018050403,-092,16.881,-92.28135,30,49.050,30.8175,-092,16.949,-92.28248,30,49.025,30.81708,-92.281915,30.81729
49,4,5,18,14,52,-092 16.881,30 49.050,-092 16.949,30 49.025,AAA,2,0,1,8,0,5,0,4,4,1,AAA,Ticks from this transect were divided into several tubes,AAA2018050404,-092,16.881,-92.28135,30,49.050,30.8175,-092,16.949,-92.28248,30,49.025,30.81708,-92.281915,30.81729
50,7,5,18,9,29,-092 16.932,30 47.423,-092 16.951,30 47.473, , , , , , , , , , ,0,AAA, ,,-092,16.932,-92.2822,30,47.423,30.79038,-092,16.951,-92.28252,30,47.473,30.79122,-92.28236000000001,30.790799999999997
51,7,5,18,9,36,-092 16.996,30 47.436,-092 16.956,30 47.474, , , , , , , , , , ,0,AAA, ,,-092,16.996,-92.28327,30,47.436,30.7906,-092,16.956,-92.2826,30,47.474,30.79123,-92.28293500000001,30.790915
52,7,5,18,10,3,-092 16.877,30 48.286,-092 16.837,30 48.307, , , , , , , , , , ,0,AAA, ,,-092,16.877,-92.28128,30,48.286,30.80477,-092,16.837,-92.28062,30,48.307,30.80512,-92.28094999999999,30.804945
53,7,5,18,10,25,-092 16.510,30 48.374,-092 16.549,30 48.400, , , , , , , , , , ,0,AAA, ,,-092,16.510,-92.27517,30,48.374,30.80623,-092,16.549,-92.27582,30,48.400,30.80667,-92.275495,30.806449999999998
54,7,5,18,10,47,-092 16.511,30 48.733,-092 16.557,30 48.703, , , , , , , , , , ,0,AAA, ,,-092,16.511,-92.27518,30,48.733,30.81222,-092,16.557,-92.27595,30,48.703,30.81172,-92.275565,30.811970000000002
55,7,5,18,11,5,-092 16.577,30 48.425,-092 16.561,30 48.392, , , , , , , , , , ,0,AAA, ,,-092,16.577,-92.27628,30,48.425,30.80708,-092,16.561,-92.27602,30,48.392,30.80653,-92.27615,30.806804999999997
56,7,5,18,11,25,-092 16.679,30 48.089,-092 16.689,30 48.096, , , , , , , , , , ,0,AAA, ,,-092,16.679,-92.27798,30,48.089,30.80148,-092,16.689,-92.27815,30,48.096,30.8016,-92.278065,30.801540000000003
57,7,5,18,11,43,-092 16.678,30 47.839,-092 16.713,30 47.801, , , , , , , , , , ,0,AAA, ,,-092,16.678,-92.27797,30,47.839,30.79732,-092,16.713,-92.27855,30,47.801,30.79668,-92.27825999999999,30.796999999999997
58,7,5,18,12,43,-092 16.585,30 16.008,-092 16.629,30 47.997, , , , , , , , , , ,0,AAA, ,,-092,16.585,-92.27642,30,16.008,30.2668,-092,16.629,-92.27715,30,47.997,30.79995,-92.276785,30.533375
59,7,5,18,13,6,-092 16.660,30 48.261,-092 16.665,30 48.308, , , , , , , , , , ,0,AAA, ,,-092,16.660,-92.27767,30,48.261,30.80435,-092,16.665,-92.27775,30,48.308,30.80513,-92.27771,30.80474
60,7,5,18,13,23,-092 16.929,30 48.310,-092 16.978,30 48.353, , , , , , , , , , ,0,AAA, ,,-092,16.929,-92.28215,30,48.310,30.80517,-092,16.978,-92.28297,30,48.353,30.80588,-92.28256,30.805525
61,7,5,18,14,57,-092 17.169,30 48.810,-092 17.127,30 48.848,AAA,2,0,1,8,0,5,0,7,5,2,AAA,Ticks from this transect where placed in the same tube as those from a transect three records down,AAA2018050705,-092,17.169,-92.28615,30,48.810,30.8135,-092,17.127,-92.28545,30,48.848,30.81413,-92.2858,30.813814999999998
62,7,5,18,15,15,-092 17.195,30 49.051,-092 17.135,30 49.073, , , , , , , , , , ,0,AAA, ,,-092,17.195,-92.28658,30,49.051,30.81752,-092,17.135,-92.28558,30,49.073,30.81788,-92.28608,30.8177
63,7,5,18,15,39,-092 16.717,30 48.924,-092 16.731,30 48.966, , , , , , , , , , ,0,AAA, ,,-092,16.717,-92.27862,30,48.924,30.8154,-092,16.731,-92.27885,30,48.966,30.8161,-92.27873500000001,30.81575
64,7,5,18,16,2,-092 17.239,30 49.049,-092 17.285,30 49.060,AAA,2,0,1,8,0,5,0,7,5,2,AAA,"Merged with transect 61, same geographic location",AAA2018050705,-092,17.239,-92.28732,30,49.049,30.81748,-092,17.285,-92.28808,30,49.060,30.81767,-92.2877,30.817574999999998
65,7,5,18,16,21,-092 17.406,30 49.237,-092 17.457,30 49.244, , , , , , , , , , ,0,AAA, ,,-092,17.406,-92.2901,30,49.237,30.82062,-092,17.457,-92.29095,30,49.244,30.82073,-92.290525,30.820675
66,7,5,18,16,37,-092 17.531,30 49.569,-092 17.502,30 49.620, , , , , , , , , , ,0,AAA, ,,-092,17.531,-92.29218,30,49.569,30.82615,-092,17.502,-92.2917,30,49.620,30.827,-92.29194000000001,30.826575
67,7,5,18,16,53,-092 17.271,30 49.848,-092 17.230,30 49.872, , , , , , , , , , ,0,AAA, ,,-092,17.271,-92.28785,30,49.848,30.8308,-092,17.230,-92.28717,30,49.872,30.8312,-92.28751,30.831
68,8,5,18,9,11,-091 52.135,30 05.297,-091 52.120,30 05.248, , , , , , , , , , ,0,AAA, ,,-091,52.135,-91.86892,30,05.297,30.08828,-091,52.120,-91.86867,30,05.248,30.08747,-91.868795,30.087875
69,8,5,18,9,20,-091 52.040,30 05.135,-091 52.084,30 05.100, , , , , , , , , , ,0,AAA, ,,-091,52.040,-91.86733,30,05.135,30.08558,-091,52.084,-91.86807,30,05.100,30.085,-91.8677,30.08529
70,8,5,18,9,28,-091 51.949,30 05.151,-091 51.951,30 05.204,AAA,2,0,1,8,0,5,0,7,6,1,AAA, ,AAA2018050706,-091,51.949,-91.86582,30,05.151,30.08585,-091,51.951,-91.86585,30,05.204,30.08673,-91.865835,30.086289999999998
71,8,5,18,9,54,-091 52.212,30 05.202,-091 52.256,30 05.235, , , , , , , , , , ,0,AAA, ,,-091,52.212,-91.8702,30,05.202,30.0867,-091,52.256,-91.87093,30,05.235,30.08725,-91.870565,30.086975000000002
72,8,5,18,10,0,-091 52.267,30 05.244,-091 52.276,30 05.207, , , , , , , , , , ,0,AAA, ,,-091,52.267,-91.87112,30,05.244,30.0874,-091,52.276,-91.87127,30,05.207,30.08678,-91.871195,30.08709
73,8,5,18,10,8,-091 52.280,30 05.194,-091 52.255,30 05.150, , , , , , , , , , ,0,AAA, ,,-091,52.280,-91.87133,30,05.194,30.08657,-091,52.255,-91.87092,30,05.150,30.08583,-91.871125,30.086199999999998
74,8,5,18,10,13,-091 52.278,30 05.095,-091 52.258,30 05.052, , , , , , , , , , ,0,AAA, ,,-091,52.278,-91.8713,30,05.095,30.08492,-091,52.258,-91.87097,30,05.052,30.0842,-91.87113500000001,30.08456
75,8,5,18,10,28,-091 52.261,30 05.021,-091 52.298,30 05.054, , , , , , , , , , ,0,AAA, ,,-091,52.261,-91.87102,30,05.021,30.08368,-091,52.298,-91.87163,30,05.054,30.08423,-91.871325,30.083955000000003
76,8,5,18,10,39,-091 52.119,30 05.245,-091 52.161,30 05.235, , , , , , , , , , ,0,AAA, ,,-091,52.119,-91.86865,30,05.245,30.08742,-091,52.161,-91.86935,30,05.235,30.08725,-91.869,30.087335000000003
77,8,5,18,10,57,-091 52.202,30 05.360,-091 52.212,30 05.409, , , , , , , , , , ,0,AAA, ,,-091,52.202,-91.87003,30,05.360,30.08933,-091,52.212,-91.8702,30,05.409,30.09015,-91.870115,30.08974
78,8,5,18,11,3,-091 52.233,30 05.427,-091 52.191,30 05.430, , , , , , , , , , ,0,AAA, ,,-091,52.233,-91.87055,30,05.427,30.09045,-091,52.191,-91.86985,30,05.430,30.0905,-91.8702,30.090474999999998
79,8,5,18,11,9,-091 52.218,30 05.475,-091 52.222,30 05.525, , , , , , , , , , ,0,AAA, ,,-091,52.218,-91.8703,30,05.475,30.09125,-091,52.222,-91.87037,30,05.525,30.09208,-91.870335,30.091665
80,8,5,18,11,15,-091 52.191,30 05.619,-091 52.174,30 05.667, , , , , , , , , , ,0,AAA, ,,-091,52.191,-91.86985,30,05.619,30.09365,-091,52.174,-91.86957,30,05.667,30.09445,-91.86971,30.09405
81,8,5,18,12,34,-091 59.042,30 15.534,-091 58.986,30 15.524, , , , , , , , , , ,0,AAA, ,,-091,59.042,-91.98403,30,15.534,30.2589,-091,58.986,-91.9831,30,15.524,30.25873,-91.983565,30.258815
82,8,5,18,12,47,-091 58.937,30 15.515,-091 58.979,30 15.520, , , , , , , , , , ,0,AAA, ,,-091,58.937,-91.98228,30,15.515,30.25858,-091,58.979,-91.98298,30,15.520,30.25867,-91.98263,30.258625
83,8,5,18,13,3,-091 58.968,30 15.585,-091 58.951,30 15.601, , , , , , , , , , ,0,AAA, ,,-091,58.968,-91.9828,30,15.585,30.25975,-091,58.951,-91.98252,30,15.601,30.26002,-91.98266,30.259885
84,8,5,18,13,7,-091 58.920,30 15.643,-091 58.915,30 15.664, , , , , , , , , , ,0,AAA, ,,-091,58.920,-91.982,30,15.643,30.26072,-091,58.915,-91.98192,30,15.664,30.26107,-91.98196,30.260894999999998
85,8,5,18,13,16,-091 58.888,30 15.709,-091 58.868,30 15.748, , , , , , , , , , ,0,AAA, ,,-091,58.888,-91.98147,30,15.709,30.26182,-091,58.868,-91.98113,30,15.748,30.26247,-91.9813,30.262145
86,8,5,18,13,26,-091 58.939,30 15.787,-091 58.983,30 15.798, , , , , , , , , , ,0,AAA, ,,-091,58.939,-91.98232,30,15.787,30.26312,-091,58.983,-91.98305,30,15.798,30.2633,-91.982685,30.26321
87,8,5,18,13,46,-091 59.179,30 15.811,-091 59.196,30 15.854, , , , , , , , , , ,0,AAA, ,,-091,59.179,-91.98632,30,15.811,30.26352,-091,59.196,-91.9866,30,15.854,30.26423,-91.98646,30.263875
88,8,5,18,13,58,-091 59.309,30 15.809,-091 59.305,30 15.765, , , , , , , , , , ,0,AAA, ,,-091,59.309,-91.98848,30,15.809,30.26348,-091,59.305,-91.98842,30,15.765,30.26275,-91.98845,30.263115
89,8,5,18,14,6,-091 59.405,30 15.713,-091 59.447,30 15.697, , , , , , , , , , ,0,AAA, ,,-091,59.405,-91.99008,30,15.713,30.26188,-091,59.447,-91.99078,30,15.697,30.26162,-91.99043,30.26175
90,8,5,18,14,20,-091 59.634,30 15.610,-091 59.579,30 15.603, , , , , , , , , , ,0,AAA, ,,-091,59.634,-91.9939,30,15.610,30.26017,-091,59.579,-91.99298,30,15.603,30.26005,-91.99343999999999,30.260109999999997
91,8,5,18,14,33,-091 59.328,30 15.612,-091 59.350,30 15.645, , , , , , , , , , ,0,AAA, ,,-091,59.328,-91.9888,30,15.612,30.2602,-091,59.350,-91.98917,30,15.645,30.26075,-91.988985,30.260475
92,8,5,18,14,42,-091 59.287,30 15.589,-091 59.230,30 15.592, , , , , , , , , , ,0,AAA, ,,-091,59.287,-91.98812,30,15.589,30.25982,-091,59.230,-91.98717,30,15.592,30.25987,-91.987645,30.259845
93,8,5,18,15,10,-091 59.092,30 15.592,-091 59.111,30 15.639, , , , , , , , , , ,0,AAA, ,,-091,59.092,-91.98487,30,15.592,30.25987,-091,59.111,-91.98518,30,15.639,30.26065,-91.98502500000001,30.26026
94,8,5,18,15,21,-091 58.969,30 15.586,-091 58.947,30 15.629, , , , , , , , , , ,0,AAA, ,,-091,58.969,-91.98282,30,15.586,30.25977,-091,58.947,-91.98245,30,15.629,30.26048,-91.982635,30.260125000000002
95,8,5,18,15,28,-091 58.959,30 15.700,-091 58.941,30 15.738, , , , , , , , , , ,0,AAA, ,,-091,58.959,-91.98265,30,15.700,30.26167,-091,58.941,-91.98235,30,15.738,30.2623,-91.9825,30.261985
96,8,5,18,15,43,-091 59.223,30 15.808,-091 59.226,30 15.756, , , , , , , , , , ,0,AAA, ,,-091,59.223,-91.98705,30,15.808,30.26347,-091,59.226,-91.9871,30,15.756,30.2626,-91.987075,30.263035000000002
97,9,5,18,9,38,-092 08.994,29 51.871,-092 08.952,29 51.893, , , , , , , , , , ,0,AAA, ,,-092,08.994,-92.1499,29,51.871,29.86452,-092,08.952,-92.1492,29,51.893,29.86488,-92.14955,29.8647
98,9,5,18,9,43,-092 08.931,29 51.901,-092 08.889,29 51.880, , , , , , , , , , ,0,AAA, ,,-092,08.931,-92.14885,29,51.901,29.86502,-092,08.889,-92.14815,29,51.880,29.86467,-92.1485,29.864845000000003
99,9,5,18,9,55,-092 08.849,29 51.806,-092 08.817,29 51.789, , , , , , , , , , ,0,AAA, ,,-092,08.849,-92.14748,29,51.806,29.86343,-092,08.817,-92.14695,29,51.789,29.86315,-92.147215,29.86329
100,9,5,18,10,7,-092 08.926,29 51.775,-092 08.879,29 51.786, , , , , , , , , , ,0,AAA, ,,-092,08.926,-92.14877,29,51.775,29.86292,-092,08.879,-92.14798,29,51.786,29.8631,-92.148375,29.86301
101,9,5,18,10,55,-092 08.449,29 51.598,-092 08.437,29 51.563, , , , , , , , , , ,0,AAA, ,,-092,08.449,-92.14082,29,51.598,29.85997,-092,08.437,-92.14062,29,51.563,29.85938,-92.14072,29.859675000000003
102,9,5,18,11,1,-092 08.385,29 51.587,-092 08.360,29 51.624, , , , , , , , , , ,0,AAA, ,,-092,08.385,-92.13975,29,51.587,29.85978,-092,08.360,-92.13933,29,51.624,29.8604,-92.13954000000001,29.86009
103,9,5,18,11,13,-092 08.376,29 51.616,-092 08.398,29 51.573, , , , , , , , , , ,0,AAA, ,,-092,08.376,-92.1396,29,51.616,29.86027,-092,08.398,-92.13997,29,51.573,29.85955,-92.139785,29.85991
104,9,5,18,11,29,-092 08.435,29 51.661, , , , , , , , , , , , ,0,AAA, ,,-092,08.435,-92.14058,29,51.661,29.86102, ,, , ,, , , 
105,9,5,18,14,9,-091 41.559,30 13.004,-091 41.560,30 13.059, , , , , , , , , , ,0,AAA, ,,-091,41.559,-91.69265,30,13.004,30.21673,-091,41.560,-91.69267,30,13.059,30.21765,-91.69266,30.21719
106,9,5,18,14,17,-091 41.539,30 12.927,-091 41.545,30 12.975, , , , , , , , , , ,0,AAA, ,,-091,41.539,-91.69232,30,12.927,30.21545,-091,41.545,-91.69242,30,12.975,30.21625,-91.69237,30.21585
107,9,5,18,14,26,-091 41.540,30 12.851,-091 41.537,30 12.801, , , , , , , , , , ,0,AAA, ,,-091,41.540,-91.69233,30,12.851,30.21418,-091,41.537,-91.69228,30,12.801,30.21335,-91.692305,30.213765
108,9,5,18,14,40,-091 41.623,30 13.045,-091 41.633,30 12.993, , , , , , , , , , ,0,AAA, ,,-091,41.623,-91.69372,30,13.045,30.21742,-091,41.633,-91.69388,30,12.993,30.21655,-91.6938,30.216985
109,9,5,18,15,11,-091 37.736,30 06.096,-091 37.768,30 06.148, , , , , , , , , , ,0,AAA, ,,-091,37.736,-91.62893,30,06.096,30.1016,-091,37.768,-91.62947,30,06.148,30.10247,-91.6292,30.102035
110,9,5,18,15,26,-091 37.673,30 06.000,-091 37.648,30 05.962, , , , , , , , , , ,0,AAA, ,,-091,37.673,-91.62788,30,06.000,30.1,-091,37.648,-91.62747,30,05.962,30.09937,-91.62767500000001,30.099685
111,9,5,18,15,34,-091 37.695,30 06.010,-091 37.725,30 06.060, , , , , , , , , , ,0,AAA, ,,-091,37.695,-91.62825,30,06.010,30.10017,-091,37.725,-91.62875,30,06.060,30.101,-91.6285,30.100585
112,9,5,18,15,47,-091 37.706,30 06.158,-091 37.737,30 06.195, , , , , , , , , , ,0,AAA, ,,-091,37.706,-91.62843,30,06.158,30.10263,-091,37.737,-91.62895,30,06.195,30.10325,-91.62869,30.10294
113,9,5,18,15,58,-091 37.583,30 05.958,-091 37.565,30 05.913, , , , , , , , , , ,0,AAA, ,,-091,37.583,-91.62638,30,05.958,30.0993,-091,37.565,-91.62608,30,05.913,30.09855,-91.62622999999999,30.098925
114,10,5,18,10,43,-092 16.511,30 49.712,-092 16.550,30 49.734, , , , , , , , , , ,0,AAA, ,,-092,16.511,-92.27518,30,49.712,30.82853,-092,16.550,-92.27583,30,49.734,30.8289,-92.27550500000001,30.828715000000003
115,10,5,18,10,57,-092 16.463,30 49.747,-092 16.769,30 49.770, , , , , , , , , , ,0,AAA, ,,-092,16.463,-92.27438,30,49.747,30.82912,-092,16.769,-92.27948,30,49.770,30.8295,-92.27693,30.82931
116,10,5,18,11,7,-092 16.500,30 49.803,-092 16.534,30 49.830, , , , , , , , , , ,0,AAA, ,,-092,16.500,-92.275,30,49.803,30.83005,-092,16.534,-92.27557,30,49.830,30.8305,-92.275285,30.830275
117,10,5,18,11,13,-092 16.542,30 49.859,-092 16.561,30 49.816, , , , , , , , , , ,0,AAA, ,,-092,16.542,-92.2757,30,49.859,30.83098,-092,16.561,-92.27602,30,49.816,30.83027,-92.27586,30.830624999999998
118,10,5,18,11,21,-092 16.581,30 49.815,-092 16.614,30 49.842, , , , , , , , , , ,0,AAA, ,,-092,16.581,-92.27635,30,49.815,30.83025,-092,16.614,-92.2769,30,49.842,30.8307,-92.276625,30.830475
119,10,5,18,11,27,-092 16.626,30 49.832,-092 16.585,30 49.798, , , , , , , , , , ,0,AAA, ,,-092,16.626,-92.2771,30,49.832,30.83053,-092,16.585,-92.27642,30,49.798,30.82997,-92.27676,30.83025
120,10,5,18,12,1,-092 16.489,30 47.468,-092 16.433,30 47.474, , , , , , , , , , ,0,AAA, ,,-092,16.489,-92.27482,30,47.468,30.79113,-092,16.433,-92.27388,30,47.474,30.79123,-92.27435,30.791179999999997
121,10,5,18,12,17,-092 16.558,30 47.528,-092 16.593,30 47.559, , , , , , , , , , ,0,AAA, ,,-092,16.558,-92.27597,30,47.528,30.79213,-092,16.593,-92.27655,30,47.559,30.79265,-92.27626000000001,30.792389999999997
122,10,5,18,12,24,-092 16.599,30 47.601,-092 16.584,30 47.639, , , , , , , , , , ,0,AAA, ,,-092,16.599,-92.27665,30,47.601,30.79335,-092,16.584,-92.2764,30,47.639,30.79398,-92.27652499999999,30.793665
123,10,5,18,12,33,-092 16.628,30 47.602,-092 16.613,30 47.556,AAA,2,0,1,8,0,5,1,0,7,1,AAA, ,AAA2018051007,-092,16.628,-92.27713,30,47.602,30.79337,-092,16.613,-92.27688,30,47.556,30.7926,-92.277005,30.792985
124,10,5,18,12,56,-092 16.133,30 47.470,-092 16.148,30 47.441, , , , , , , , , , ,0,AAA, ,,-092,16.133,-92.26888,30,47.470,30.79117,-092,16.148,-92.26913,30,47.441,30.79068,-92.26900499999999,30.790925
125,10,5,18,13,4,-092 16.114,30 47.527,-092 16.128,30 47.486, , , , , , , , , , ,0,AAA, ,,-092,16.114,-92.26857,30,47.527,30.79212,-092,16.128,-92.2688,30,47.486,30.79143,-92.268685,30.791775
126,10,5,18,13,16,-092 16.057,30 47.182,-092 16.008,30 47.200, , , , , , , , , , ,0,AAA, ,,-092,16.057,-92.26762,30,47.182,30.78637,-092,16.008,-92.2668,30,47.200,30.78667,-92.26721,30.786520000000003
127,10,5,18,13,32,-092 16.085,30 47.177,-092 16.087,30 47.217, , , , , , , , , , ,0,AAA, ,,-092,16.085,-92.26808,30,47.177,30.78628,-092,16.087,-92.26812,30,47.217,30.78695,-92.2681,30.786615
128,10,5,18,13,48,-092 16.218,30 47.383,-092 16.268,30 47.386, , , , , , , , , , ,0,AAA, ,,-092,16.218,-92.2703,30,47.383,30.78972,-092,16.268,-92.27113,30,47.386,30.78977,-92.270715,30.789745
129,10,5,18,13,53,-092 16.275,30 47.399,-092 16.221,30 47.395, , , , , , , , , , ,0,AAA, ,,-092,16.275,-92.27125,30,47.399,30.78998,-092,16.221,-92.27035,30,47.395,30.78992,-92.2708,30.789949999999997
130,10,5,18,13,59,-092 16.201,30 47.356,-092 16.161,30 47.333, , , , , , , , , , ,0,AAA, ,,-092,16.201,-92.27002,30,47.356,30.78927,-092,16.161,-92.26935,30,47.333,30.78888,-92.26968500000001,30.789074999999997
131,10,5,18,14,5,-092 16.181,30 47.340,-092 16.187,30 47.296, , , , , , , , , , ,0,AAA, ,,-092,16.181,-92.26968,30,47.340,30.789,-092,16.187,-92.26978,30,47.296,30.78827,-92.26973,30.788635
132,10,5,18,14,9,-092 16.193,30 47.315,-092 16.246,30 47.321, , , , , , , , , , ,0,AAA, ,,-092,16.193,-92.26988,30,47.315,30.78858,-092,16.246,-92.27077,30,47.321,30.78868,-92.270325,30.788629999999998
133,10,5,18,14,17,-092 16.143,30 47.357,-092 16.111,30 47.392, , , , , , , , , , ,0,AAA, ,,-092,16.143,-92.26905,30,47.357,30.78928,-092,16.111,-92.26852,30,47.392,30.78987,-92.268785,30.789575
134,10,5,18,14,20,-092 16.113,30 47.392,-092 16.094,30 47.352, , , , , , , , , , ,0,AAA, ,,-092,16.113,-92.26855,30,47.392,30.78987,-092,16.094,-92.26823,30,47.352,30.7892,-92.26839000000001,30.789535
135,10,5,18,14,26,-092 16.048,30 47.355,-092 16.103,30 47.336, , , , , , , , , , ,0,AAA, ,,-092,16.048,-92.26747,30,47.355,30.78925,-092,16.103,-92.26838,30,47.336,30.78893,-92.26792499999999,30.78909
136,10,5,18,14,50,-092 16.154,30 47.477,-092 16.184,30 47.441, , , , , , , , , , ,0,AAA, ,,-092,16.154,-92.26923,30,47.477,30.79128,-092,16.184,-92.26973,30,47.441,30.79068,-92.26947999999999,30.790979999999998
137,10,5,18,15,5,-092 16.203,30 47.424,-092 16.253,30 47.434, , , , , , , , , , ,0,AAA, ,,-092,16.203,-92.27005,30,47.424,30.7904,-092,16.253,-92.27088,30,47.434,30.79057,-92.270465,30.790485
138,10,5,18,15,9,-092 16.268,30 47.429,-092 16.223,30 47.411, , , , , , , , , , ,0,AAA, ,,-092,16.268,-92.27113,30,47.429,30.79048,-092,16.223,-92.27038,30,47.411,30.79018,-92.27075500000001,30.790329999999997
139,10,5,18,15,29,-092 16.291,30 47.457,-092 16.282,30 47.499, , , , , , , , , , ,0,AAA, ,,-092,16.291,-92.27152,30,47.457,30.79095,-092,16.282,-92.27137,30,47.499,30.79165,-92.271445,30.7913
140,10,5,18,15,38,-092 16.232,30 47.473,-092 16.234,30 47.513, , , , , , , , , , ,0,AAA, ,,-092,16.232,-92.27053,30,47.473,30.79122,-092,16.234,-92.27057,30,47.513,30.79188,-92.27055,30.79155
141,10,5,18,15,47,-092 16.276,30 47.556,-092 16.221,30 47.608,AAA,2,0,1,8,0,5,1,0,8,1,AAA, ,AAA2018051008,-092,16.276,-92.27127,30,47.556,30.7926,-092,16.221,-92.27035,30,47.608,30.79347,-92.27081,30.793035
142,10,5,18,16,14,-092 16.566,30 47.514,-092 16.544,30 47.470,AAA,2,0,1,8,0,5,1,0,8,1,AAA, ,AAA2018051008,-092,16.566,-92.2761,30,47.514,30.7919,-092,16.544,-92.27573,30,47.470,30.79117,-92.275915,30.791535
143,10,5,18,16,17,-092 16.536,30 47.455,-092 16.586,30 47.464, , , , , , , , , , ,0,AAA, ,,-092,16.536,-92.2756,30,47.455,30.79092,-092,16.586,-92.27643,30,47.464,30.79107,-92.276015,30.790995000000002
144,11,5,18,9,48,-091 52.156,30 05.371,-091 52.173,30 05.419, , , , , , , , , , ,0,AAA, ,,-091,52.156,-91.86927,30,05.371,30.08952,-091,52.173,-91.86955,30,05.419,30.09032,-91.86941,30.08992
145,11,5,18,10,5,-091 52.150,30 05.684,-091 52.096,30 05.663, , , , , , , , , , ,0,AAA, ,,-091,52.150,-91.86917,30,05.684,30.09473,-091,52.096,-91.86827,30,05.663,30.09438,-91.86872,30.094555
146,11,5,18,10,14,-091 51.883,30 05.646,-091 51.824,30 05.648, , , , , , , , , , ,0,AAA, ,,-091,51.883,-91.86472,30,05.646,30.0941,-091,51.824,-91.86373,30,05.648,30.09413,-91.864225,30.094115000000002
147,11,5,18,10,23,-091 51.621,30 05.678,-091 51.627,30 05.727, , , , , , , , , , ,0,AAA, ,,-091,51.621,-91.86035,30,05.678,30.09463,-091,51.627,-91.86045,30,05.727,30.09545,-91.8604,30.095039999999997
148,11,5,18,10,29,-091 51.620,30 05.795,-091 51.675,30 05.805, , , , , , , , , , ,0,AAA, ,,-091,51.620,-91.86033,30,05.795,30.09658,-091,51.675,-91.86125,30,05.805,30.09675,-91.86079000000001,30.096665
149,11,5,18,10,35,-091 51.762,30 05.809,-091 51.764,30 05.760, , , , , , , , , , ,0,AAA, ,,-091,51.762,-91.8627,30,05.809,30.09682,-091,51.764,-91.86273,30,05.760,30.096,-91.86271500000001,30.09641
150,11,5,18,10,43,-091 51.813,30 05.663,-091 51.894,30 05.662, , , , , , , , , , ,0,AAA, ,,-091,51.813,-91.86355,30,05.663,30.09438,-091,51.894,-91.8649,30,05.662,30.09437,-91.864225,30.094375
151,11,5,18,10,48,-091 51.953,30 05.657,-091 51.957,30 05.707, , , , , , , , , , ,0,AAA, ,,-091,51.953,-91.86588,30,05.657,30.09428,-091,51.957,-91.86595,30,05.707,30.09512,-91.865915,30.094700000000003
152,11,5,18,11,8,-091 52.057,30 05.745,-091 52.022,30 05.023, , , , , , , , , , ,0,AAA, ,,-091,52.057,-91.86762,30,05.745,30.09575,-091,52.022,-91.86703,30,05.023,30.08372,-91.867325,30.089734999999997
153,11,5,18,11,13,-091 52.000,30 05.779,-091 52.000,30 05.734, , , , , , , , , , ,0,AAA, ,,-091,52.000,-91.86667,30,05.779,30.09632,-091,52.000,-91.86667,30,05.734,30.09557,-91.86667,30.095945
154,11,5,18,11,25,-091 51.990,30 05.863,-091 51.936,30 05.855, , , , , , , , , , ,0,AAA, ,,-091,51.990,-91.8665,30,05.863,30.09772,-091,51.936,-91.8656,30,05.855,30.09758,-91.86605,30.09765
155,11,5,18,11,33,-091 52.049,30 05.880,-091 52.101,30 05.891, , , , , , , , , , ,0,AAA, ,,-091,52.049,-91.86748,30,05.880,30.098,-091,52.101,-91.86835,30,05.891,30.09818,-91.86791500000001,30.09809
156,11,5,18,11,43,-091 51.999,30 05.859,-091 51.999,30 05.812, , , , , , , , , , ,0,AAA, ,,-091,51.999,-91.86665,30,05.859,30.09765,-091,51.999,-91.86665,30,05.812,30.09687,-91.86665,30.09726
157,11,5,18,11,50,-091 52.101,30 05.752,-091 52.151,30 05.778, , , , , , , , , , ,0,AAA, ,,-091,52.101,-91.86835,30,05.752,30.09587,-091,52.151,-91.86918,30,05.778,30.0963,-91.868765,30.096085000000002
158,11,5,18,11,55,-091 52.190,30 05.795,-091 52.219,30 05.755, , , , , , , , , , ,0,AAA, ,,-091,52.190,-91.86983,30,05.795,30.09658,-091,52.219,-91.87032,30,05.755,30.09592,-91.870075,30.096249999999998
159,11,5,18,12,1,-091 52.254,30 05.755,-091 52.229,30 05.715, , , , , , , , , , ,0,AAA, ,,-091,52.254,-91.8709,30,05.755,30.09592,-091,52.229,-91.87048,30,05.715,30.09525,-91.87069,30.095585
160,14,5,18,13,46,-092 28.243,31 06.771,-092 28.213,31 06.734, , , , , , , , , , ,0,AAA, ,,-092,28.243,-92.47072,31,06.771,31.11285,-092,28.213,-92.47022,31,06.734,31.11223,-92.47047,31.112540000000003
161,14,5,18,13,52,-092 28.207,31 06.719,-092 28.174,31 06.671, , , , , , , , , , ,0,AAA, ,,-092,28.207,-92.47012,31,06.719,31.11198,-092,28.174,-92.46957,31,06.671,31.11118,-92.46984499999999,31.11158
162,14,5,18,14,0,-092 28.031,31 06.727,-092 27.997,31 06.755, , , , , , , , , , ,0,AAA, ,,-092,28.031,-92.46718,31,06.727,31.11212,-092,27.997,-92.46662,31,06.755,31.11258,-92.46690000000001,31.11235
163,14,5,18,14,7,-092 28.077,31 06.827,-092 28.127,31 06.798, , , , , , , , , , ,0,AAA, ,,-092,28.077,-92.46795,31,06.827,31.11378,-092,28.127,-92.46878,31,06.798,31.1133,-92.468365,31.11354
164,14,5,18,14,47,-092 28.202,31 06.922,-092 28.222,31 06.871, , , , , , , , , , ,0,AAA, ,,-092,28.202,-92.47003,31,06.922,31.11537,-092,28.222,-92.47037,31,06.871,31.11452,-92.4702,31.114945
165,14,5,18,15,3,-092 28.247,31 07.065,-092 28.307,31 07.079,AAA,2,0,1,8,0,5,1,4,9,1,AAA, ,AAA2018051409,-092,28.247,-92.47078,31,07.065,31.11775,-092,28.307,-92.47178,31,07.079,31.11798,-92.47128000000001,31.117865000000002
166,14,5,18,15,15,-092 28.352,31 07.108,-092 28.299,31 07.127, , , , , , , , , , ,0,AAA, ,,-092,28.352,-92.47253,31,07.108,31.11847,-092,28.299,-92.47165,31,07.127,31.11878,-92.47209000000001,31.118625
167,14,5,18,15,24,-092 28.327,31 07.263,-092 28.276,31 07.245, , , , , , , , , , ,0,AAA, ,,-092,28.327,-92.47212,31,07.263,31.12105,-092,28.276,-92.47127,31,07.245,31.12075,-92.47169500000001,31.1209
168,14,5,18,15,33,-092 28.186,31 07.381,-092 28.197,31 07.436,AAA,2,0,1,8,0,5,1,4,9,1,AAA, ,AAA2018051409,-092,28.186,-92.46977,31,07.381,31.12302,-092,28.197,-92.46995,31,07.436,31.12393,-92.46986,31.123475
169,14,5,18,15,42,-092 28.257,31 07.370,-092 28.222,31 07.416, , , , , , , , , , ,0,AAA, ,,-092,28.257,-92.47095,31,07.370,31.12283,-092,28.222,-92.47037,31,07.416,31.1236,-92.47066000000001,31.123215000000002
170,14,5,18,15,50,-092 28.229,31 07.504,-092 28.195,31 07.471, , , , , , , , , , ,0,AAA, ,,-092,28.229,-92.47048,31,07.504,31.12507,-092,28.195,-92.46992,31,07.471,31.12452,-92.4702,31.124795
171,15,5,18,11,59,-092 00.611,31 27.696,-092 00.615,31 27.742, , , , , , , , , , ,0,AAA, ,,-092,00.611,-92.01018,31,27.696,31.4616,-092,00.615,-92.01025,31,27.742,31.46237,-92.010215,31.461985
172,15,5,18,12,9,-092 00.612,31 27.695,-092 00.565,31 27.701, , , , , , , , , , ,0,AAA, ,,-092,00.612,-92.0102,31,27.695,31.46158,-092,00.565,-92.00942,31,27.701,31.46168,-92.00981,31.46163
173,15,5,18,14,9,-091 59.430,31 20.846,-091 59.377,31 20.828, , , , , , , , , , ,0,AAA, ,,-091,59.430,-91.9905,31,20.846,31.34743,-091,59.377,-91.98962,31,20.828,31.34713,-91.99006,31.347279999999998
174,15,5,18,14,13,-091 59.387,31 20.786,-091 59.347,31 20.755, , , , , , , , , , ,0,AAA, ,,-091,59.387,-91.98978,31,20.786,31.34643,-091,59.347,-91.98912,31,20.755,31.34592,-91.98945,31.346175000000002
175,15,5,18,14,17,-091 59.339,31 20.741,-091 59.397,31 20.749, , , , , , , , , , ,0,AAA, ,,-091,59.339,-91.98898,31,20.741,31.34568,-091,59.397,-91.98995,31,20.749,31.34582,-91.989465,31.345750000000002
176,15,5,18,14,22,-091 59.376,31 20.804,-091 59.421,31 20.830, , , , , , , , , , ,0,AAA, ,,-091,59.376,-91.9896,31,20.804,31.34673,-091,59.421,-91.99035,31,20.830,31.34717,-91.989975,31.34695
177,15,5,18,14,39,body,body,body,body,AAA,2,0,1,8,0,5,1,5,10,2,AAA,1 at home on body,AAA2018051510,body,, ,body,, ,body,, ,body,, , , 
178,15,5,18,14,58,-091 59.830,31 20.308,-091 59.789,31 20.344, , , , , , , , , , ,0,AAA, ,,-091,59.830,-91.99717,31,20.308,31.33847,-091,59.789,-91.99648,31,20.344,31.33907,-91.996825,31.33877
179,15,5,18,15,9,-091 59.663,31 20.449,-091 59.023,31 20.416, , , , , , , , , , ,0,AAA, ,,-091,59.663,-91.99438,31,20.449,31.34082,-091,59.023,-91.98372,31,20.416,31.34027,-91.98905,31.340545
180,15,5,18,15,22,-091 59.707,31 20.404,-091 59.747,31 20.381, , , , , , , , , , ,0,AAA, ,,-091,59.707,-91.99512,31,20.404,31.34007,-091,59.747,-91.99578,31,20.381,31.33968,-91.99545,31.339875
181,15,5,18,15,28,-091 59.826,31 20.367,-091 59.874,31 20.371, , , , , , , , , , ,0,AAA, ,,-091,59.826,-91.9971,31,20.367,31.33945,-091,59.874,-91.9979,31,20.371,31.33952,-91.9975,31.339485
182,16,5,18,13,42,-093 26.361,31 00.804,-093 26.406,31 00.407, , , , , , , , , , ,0,AAA, ,,-093,26.361,-93.43935,31,00.804,31.0134,-093,26.406,-93.4401,31,00.407,31.00678,-93.43972500000001,31.010089999999998
183,16,5,18,13,47,-093 26.349,31 00.799,-093 26.289,31 00.807, , , , , , , , , , ,0,AAA, ,,-093,26.349,-93.43915,31,00.799,31.01332,-093,26.289,-93.43815,31,00.807,31.01345,-93.43865,31.013385
184,16,5,18,13,53,-093 26.357,31 00.799,-093 26.386,31 00.754, , , , , , , , , , ,0,AAA, ,,-093,26.357,-93.43928,31,00.799,31.01332,-093,26.386,-93.43977,31,00.754,31.01257,-93.439525,31.012945000000002
185,16,5,18,13,59,-093 26.352,31 00.703,-093 26.313,31 00.694, , , , , , , , , , ,0,AAA, ,,-093,26.352,-93.4392,31,00.703,31.01172,-093,26.313,-93.43855,31,00.694,31.01157,-93.438875,31.011645
186,16,5,18,14,22,-093 26.103,31 00.605,-093 26.059,31 00.589, , , , , , , , , , ,0,AAA, ,,-093,26.103,-93.43505,31,00.605,31.01008,-093,26.059,-93.43432,31,00.589,31.00982,-93.434685,31.00995
187,16,5,18,14,49,-093 25.441,31 01.375,-093 25.489,31 01.400, , , , , , , , , , ,0,AAA, ,,-093,25.441,-93.42402,31,01.375,31.02292,-093,25.489,-93.42482,31,01.400,31.02333,-93.42442,31.023125
188,16,5,18,14,56,-093 25.432,31 01.346,-093 25.461,31 01.313, , , , , , , , , , ,0,AAA, ,,-093,25.432,-93.42387,31,01.346,31.02243,-093,25.461,-93.42435,31,01.313,31.02188,-93.42411,31.022154999999998
189,16,5,18,15,5,-093 25.432,31 01.388,-093 25.415,31 01.428, , , , , , , , , , ,0,AAA, ,,-093,25.432,-93.42387,31,01.388,31.02313,-093,25.415,-93.42358,31,01.428,31.0238,-93.42372499999999,31.023465
190,16,5,18,15,9,-093 25.411,31 01.422,-093 25.377,31 01.423, , , , , , , , , , ,0,AAA, ,,-093,25.411,-93.42352,31,01.422,31.0237,-093,25.377,-93.42295,31,01.423,31.02372,-93.423235,31.02371
191,16,5,18,15,23,-093 24.966,31 01.273,-093 24.944,31 01.320, , , , , , , , , , ,0,AAA, ,,-093,24.966,-93.4161,31,01.273,31.02122,-093,24.944,-93.41573,31,01.320,31.022,-93.415915,31.02161
192,16,5,18,15,28,-093 24.964,31 01.360,-093 24.957,31 01.406, , , , , , , , , , ,0,AAA, ,,-093,24.964,-93.41607,31,01.360,31.02267,-093,24.957,-93.41595,31,01.406,31.02343,-93.41601,31.02305
193,16,5,18,15,35,-093 24.967,31 01.265,-093 24.909,31 01.278, , , , , , , , , , ,0,AAA, ,,-093,24.967,-93.41612,31,01.265,31.02108,-093,24.909,-93.41515,31,01.278,31.0213,-93.41563500000001,31.02119
194,16,5,18,15,40,-093 24.911,31 01.275,-093 24.877,31 01.319, , , , , , , , , , ,0,AAA, ,,-093,24.911,-93.41518,31,01.275,31.02125,-093,24.877,-93.41462,31,01.319,31.02198,-93.4149,31.021614999999997
195,16,5,18,15,43,-093 24.877,31 01.320,-093 24.959,31 01.352, , , , , , , , , , ,0,AAA, ,,-093,24.877,-93.41462,31,01.320,31.022,-093,24.959,-93.41598,31,01.352,31.02253,-93.4153,31.022264999999997
196,17,5,18,11,55,-091 57.633,31 05.521,-091 57.571,31 05.559, , , , , , , , , , ,0,AAA, ,,-091,57.633,-91.96055,31,05.521,31.09202,-091,57.571,-91.95952,31,05.559,31.09265,-91.960035,31.092335
197,17,5,18,12,3,-091 57.564,31 05.552,-091 57.586,31 05.512, , , , , , , , , , ,0,AAA, ,,-091,57.564,-91.9594,31,05.552,31.09253,-091,57.586,-91.95977,31,05.512,31.09187,-91.959585,31.0922
198,17,5,18,12,12,-091 57.497,31 05.505,-091 57.526,31 05.466, , , , , , , , , , ,0,AAA, ,,-091,57.497,-91.95828,31,05.505,31.09175,-091,57.526,-91.95877,31,05.466,31.0911,-91.95852500000001,31.091425
199,17,5,18,12,21,-091 57.395,31 05.401,-091 57.377,31 05.443, , , , , , , , , , ,0,AAA, ,,-091,57.395,-91.95658,31,05.401,31.09002,-091,57.377,-91.95628,31,05.443,31.09072,-91.95643000000001,31.09037
200,17,5,18,13,32,-092 01.360,31 07.178,-092 01.366,31 07.132, , , , , , , , , , ,0,AAA, ,,-092,01.360,-92.02267,31,07.178,31.11963,-092,01.366,-92.02277,31,07.132,31.11887,-92.02271999999999,31.11925
201,17,5,18,13,40,-092 01.349,31 07.122,-092 01.359,31 07.078, , , , , , , , , , ,0,AAA, ,,-092,01.349,-92.02248,31,07.122,31.1187,-092,01.359,-92.02265,31,07.078,31.11797,-92.022565,31.118335000000002
202,17,5,18,13,46,-092 01.386,31 07.092,-092 01.386,31 07.050, , , , , , , , , , ,0,AAA, ,,-092,01.386,-92.0231,31,07.092,31.1182,-092,01.386,-92.0231,31,07.050,31.1175,-92.0231,31.11785
203,17,5,18,13,58,-092 01.376,31 06.923,-092 01.323,31 06.923, , , , , , , , , , ,0,AAA, ,,-092,01.376,-92.02293,31,06.923,31.11538,-092,01.323,-92.02205,31,06.923,31.11538,-92.02249,31.11538
204,17,5,18,14,36,-092 01.306,31 07.254,-092 01.277,31 07.218, , , , , , , , , , ,0,AAA, ,,-092,01.306,-92.02177,31,07.254,31.1209,-092,01.277,-92.02128,31,07.218,31.1203,-92.021525,31.1206
205,17,5,18,15,1,-092 00.725,31 07.242,-092 00.763,31 07.212, , , , , , , , , , ,0,AAA, ,,-092,00.725,-92.01208,31,07.242,31.1207,-092,00.763,-92.01272,31,07.212,31.1202,-92.0124,31.120449999999998
206,17,5,18,15,7,-092 00.786,31 07.225,-092 00.764,31 07.212, , , , , , , , , , ,0,AAA, ,,-092,00.786,-92.0131,31,07.225,31.12042,-092,00.764,-92.01273,31,07.212,31.1202,-92.01291499999999,31.12031
207,17,5,18,15,15,-092 00.759,31 07.171,-092 00.801,31 07.198, , , , , , , , , , ,0,AAA, ,,-092,00.759,-92.01265,31,07.171,31.11952,-092,00.801,-92.01335,31,07.198,31.11997,-92.013,31.119745
208,19,5,18,9,8,-091 51.950,30 05.151,-091 51.951,30 05.198, , , , , , , , , , ,0,AAA, ,,-091,51.950,-91.86583,30,05.151,30.08585,-091,51.951,-91.86585,30,05.198,30.08663,-91.86583999999999,30.08624
209,19,5,18,9,12,-091 51.951,30 05.198,-091 51.950,30 05.254, , , , , , , , , , ,0,AAA, ,,-091,51.951,-91.86585,30,05.198,30.08663,-091,51.950,-91.86583,30,05.254,30.08757,-91.86583999999999,30.0871
210,19,5,18,9,16,-091 51.950,30 05.254,-091 51.950,30 05.305, , , , , , , , , , ,0,AAA, ,,-091,51.950,-91.86583,30,05.254,30.08757,-091,51.950,-91.86583,30,05.305,30.08842,-91.86583,30.087995
211,19,5,18,9,20,-091 51.950,30 05.305,-091 51.950,30 05.359, , , , , , , , , , ,0,AAA, ,,-091,51.950,-91.86583,30,05.305,30.08842,-091,51.950,-91.86583,30,05.359,30.08932,-91.86583,30.08887
212,19,5,18,9,24,-091 51.948,30 05.370,-091 51.942,30 05.420, , , , , , , , , , ,0,AAA, ,,-091,51.948,-91.8658,30,05.370,30.0895,-091,51.942,-91.8657,30,05.420,30.09033,-91.86574999999999,30.089915
213,19,5,18,9,28,-091 51.942,30 05.420,-091 51.946,30 05.466, , , , , , , , , , ,0,AAA, ,,-091,51.942,-91.8657,30,05.420,30.09033,-091,51.946,-91.86577,30,05.466,30.0911,-91.865735,30.090715000000003
214,19,5,18,9,43,-091 51.947,30 05.466,-091 51.949,30 05.516, , , , , , , , , , ,0,AAA, ,,-091,51.947,-91.86578,30,05.466,30.0911,-091,51.949,-91.86582,30,05.516,30.09193,-91.86580000000001,30.091515
215,19,5,18,9,48,-091 51.949,30 05.516,-091 51.954,30 05.565, , , , , , , , , , ,0,AAA, ,,-091,51.949,-91.86582,30,05.516,30.09193,-091,51.954,-91.8659,30,05.565,30.09275,-91.86586,30.09234
216,19,5,18,9,53,-091 51.954,30 05.563,-091 51.943,30 05.608, , , , , , , , , , ,0,AAA, ,,-091,51.954,-91.8659,30,05.563,30.09272,-091,51.943,-91.86572,30,05.608,30.09347,-91.86581,30.093094999999998
217,19,5,18,9,56,-091 51.943,30 05.608,-091 52.009,30 05.630, , , , , , , , , , ,0,AAA, ,,-091,51.943,-91.86572,30,05.608,30.09347,-091,52.009,-91.86682,30,05.630,30.09383,-91.86627,30.09365
218,19,5,18,9,57,-091 52.009,30 05.629,-091 52.060,30 05.649, , , , , , , , , , ,0,AAA, ,,-091,52.009,-91.86682,30,05.629,30.09382,-091,52.060,-91.86767,30,05.649,30.09415,-91.867245,30.093985
219,19,5,18,10,0,-091 52.060,30 05.649,-091 52.114,30 05.671, , , , , , , , , , ,0,AAA, ,,-091,52.060,-91.86767,30,05.649,30.09415,-091,52.114,-91.86857,30,05.671,30.09452,-91.86812,30.094335
220,19,5,18,10,5,-091 52.174,30 05.693,-091 52.226,30 05.714, , , , , , , , , , ,0,AAA, ,,-091,52.174,-91.86957,30,05.693,30.09488,-091,52.226,-91.87043,30,05.714,30.09523,-91.87,30.095055000000002
221,19,5,18,10,26,-091 52.293,30 05.799,-091 52.258,30 05.762, , , , , , , , , , ,0,AAA, ,,-091,52.293,-91.87155,30,05.799,30.09665,-091,52.258,-91.87097,30,05.762,30.09603,-91.87126,30.096339999999998
222,19,5,18,10,42,-091 52.245,30 05.472,-091 52.240,30 05.410, , , , , , , , , , ,0,AAA, ,,-091,52.245,-91.87075,30,05.472,30.0912,-091,52.240,-91.87067,30,05.410,30.09017,-91.87071,30.090685
223,19,5,18,10,47,-091 52.232,30 05.329,-091 52.179,30 05.329, , , , , , , , , , ,0,AAA, ,,-091,52.232,-91.87053,30,05.329,30.08882,-091,52.179,-91.86965,30,05.329,30.08882,-91.87009,30.08882
224,21,5,18,13,5,-091 59.261,30 39.577,-091 59.215,30 39.551, , , , , , , , , , ,0,AAA, ,,-091,59.261,-91.98768,30,39.577,30.65962,-091,59.215,-91.98692,30,39.551,30.65918,-91.9873,30.659399999999998
225,21,5,18,13,14,-091 59.279,30 39.596,-091 59.273,30 39.548, , , , , , , , , , ,0,AAA, ,,-091,59.279,-91.98798,30,39.596,30.65993,-091,59.273,-91.98788,30,39.548,30.65913,-91.98793,30.65953
226,21,5,18,14,29,-091 57.591,30 38.682,-091 57.612,30 38.731, , , , , , , , , , ,0,AAA, ,,-091,57.591,-91.95985,30,38.682,30.6447,-091,57.612,-91.9602,30,38.731,30.64552,-91.960025,30.645110000000003
227,21,5,18,14,37,-091 57.643,30 38.787,-091 57.671,30 38.741, , , , , , , , , , ,0,AAA, ,,-091,57.643,-91.96072,30,38.787,30.64645,-091,57.671,-91.96118,30,38.741,30.64568,-91.96095,30.646065
228,21,5,18,14,40,-091 57.689,30 38.700,-091 57.740,30 38.634, , , , , , , , , , ,0,AAA, ,,-091,57.689,-91.96148,30,38.700,30.645,-091,57.740,-91.96233,30,38.634,30.6439,-91.961905,30.64445
229,21,5,18,14,48,-091 57.824,30 38.545,-091 57.882,30 38.515, , , , , , , , , , ,0,AAA, ,,-091,57.824,-91.96373,30,38.545,30.64242,-091,57.882,-91.9647,30,38.515,30.64192,-91.964215,30.64217
230,21,5,18,14,52,-091 57.891,30 38.507,-091 57.906,30 38.457, , , , , , , , , , ,0,AAA, ,,-091,57.891,-91.96485,30,38.507,30.64178,-091,57.906,-91.9651,30,38.457,30.64095,-91.96497500000001,30.641365
231,21,5,18,15,21,-091 57.041,30 38.809,-091 57.662,30 38.859, , , , , , , , , , ,0,AAA, ,,-091,57.041,-91.95068,30,38.809,30.64682,-091,57.662,-91.96103,30,38.859,30.64765,-91.955855,30.647235000000002
232,xx,xx,18,xx,xx,body,body,body,body,AAA,2,0,1,8,x,x,x,x,11,2,AAA,Recovered from body but no date recorded,AAA2018xxxx11,body,, ,body,, ,body,, ,body,, , , 
233,25,5,18,11,6,-092 28.267,31 07.070,-092 28.335,31 07.043, , , , , , , , , , , ,AAA, ,,-092,28.267,-92.47112,31,07.070,31.11783,-092,28.335,-92.47225,31,07.043,31.11738,-92.47168500000001,31.117605
234,25,5,18,11,13,-092 28.390,31 07.105,-092 28.446,31 07.082, , , , , , , , , , , ,AAA, ,,-092,28.390,-92.47317,31,07.105,31.11842,-092,28.446,-92.4741,31,07.082,31.11803,-92.473635,31.118225000000002
235,25,5,18,11,21,-092 28.515,31 06.927,-092 28.513,31 06.875, , , , , , , , , , , ,AAA, ,,-092,28.515,-92.47525,31,06.927,31.11545,-092,28.513,-92.47522,31,06.875,31.11458,-92.475235,31.115015
236,25,5,18,11,29,-092 28.597,31 06.759,-092 28.611,31 06.804, , , , , , , , , , , ,AAA, ,,-092,28.597,-92.47662,31,06.759,31.11265,-092,28.611,-92.47685,31,06.804,31.1134,-92.47673499999999,31.113025
237,25,5,18,11,36,-092 28.705,31 06.965,-092 28.699,31 07.020, , , , , , , , , , , ,AAA, ,,-092,28.705,-92.47842,31,06.965,31.11608,-092,28.699,-92.47832,31,07.020,31.117,-92.47837,31.11654
238,25,5,18,11,48,-092 28.713,31 07.289,-092 28.695,31 07.346, , , , , , , , , , , ,AAA, ,,-092,28.713,-92.47855,31,07.289,31.12148,-092,28.695,-92.47825,31,07.346,31.12243,-92.4784,31.121955
239,25,5,18,11,53,-092 28.718,31 07.394,-092 28.758,31 07.368, , , , , , , , , , , ,AAA, ,,-092,28.718,-92.47863,31,07.394,31.12323,-092,28.758,-92.4793,31,07.368,31.1228,-92.47896499999999,31.123015000000002
240,25,5,18,11,57,-092 28.751,31 07.368,-092 28.738,31 07.359, , , , , , , , , , , ,AAA, ,,-092,28.751,-92.47918,31,07.368,31.1228,-092,28.738,-92.47897,31,07.359,31.12265,-92.479075,31.122725000000003
241,25,5,18,12,1,-092 28.741,31 07.339,-092 28.743,31 07.297, , , , , , , , , , , ,AAA, ,,-092,28.741,-92.47902,31,07.339,31.12232,-092,28.743,-92.47905,31,07.297,31.12162,-92.47903500000001,31.121969999999997
242,25,5,18,12,7,-092 28.678,31 07.370,-092 28.625,31 07.386, , , , , , , , , , , ,AAA, ,,-092,28.678,-92.47797,31,07.370,31.12283,-092,28.625,-92.47708,31,07.386,31.1231,-92.477525,31.122965
243,25,5,18,12,17,-092 28.362,31 07.346,-092 28.307,31 07.328,AAA,2,0,1,8,0,5,2,5,12,2,AAA, ,AAA2018052512,-092,28.362,-92.4727,31,07.346,31.12243,-092,28.307,-92.47178,31,07.328,31.12213,-92.47224,31.12228
244,25,5,18,12,28,-092 28.347,31 07.366,-092 28.342,31 07.419, , , , , , , , , , , ,AAA, ,,-092,28.347,-92.47245,31,07.366,31.12277,-092,28.342,-92.47237,31,07.419,31.12365,-92.47241,31.12321
245,29,5,18,14,30,-092 51.275,30 50.130,-092 51.335,30 50.115, , , , , , , , , , , ,AAA, ,,-092,51.275,-92.85458,30,50.130,30.8355,-092,51.335,-92.85558,30,50.115,30.83525,-92.85508,30.835375
246,29,5,18,14,37,-092 51.313,30 50.023,-092 51.324,30 49.976, , , , , , , , , , , ,AAA, ,,-092,51.313,-92.85522,30,50.023,30.83372,-092,51.324,-92.8554,30,49.976,30.83293,-92.85531,30.833325000000002
247,29,5,18,14,45,-092 51.355,30 49.947,-092 51.422,30 49.943, , , , , , , , , , , ,AAA, ,,-092,51.355,-92.85592,30,49.947,30.83245,-092,51.422,-92.85703,30,49.943,30.83238,-92.85647499999999,30.832415
248,29,5,18,14,56,-092 51.484,30 49.917,-092 51.485,30 49.863, , , , , , , , , , , ,AAA, ,,-092,51.484,-92.85807,30,49.917,30.83195,-092,51.485,-92.85808,30,49.863,30.83105,-92.858075,30.8315
249,29,5,18,15,4,-092 51.460,30 49.715,-092 51.391,30 49.715, , , , , , , , , , , ,AAA, ,,-092,51.460,-92.85767,30,49.715,30.82858,-092,51.391,-92.85652,30,49.715,30.82858,-92.857095,30.82858
250,29,5,18,15,12,-092 51.217,30 49.714,-092 51.220,30 49.660, , , , , , , , , , , ,AAA, ,,-092,51.217,-92.85362,30,49.714,30.82857,-092,51.220,-92.85367,30,49.660,30.82767,-92.853645,30.82812
251,29,5,18,15,23,-092 51.050,30 49.721,-092 51.035,30 49.769, , , , , , , , , , , ,AAA, ,,-092,51.050,-92.85083,30,49.721,30.82868,-092,51.035,-92.85058,30,49.769,30.82948,-92.850705,30.829079999999998
252,29,5,18,15,32,-092 51.035,30 49.957,-092 49.955,30 49.955, , , , , , , , , , , ,AAA, ,,-092,51.035,-92.85058,30,49.957,30.83262,-092,49.955,-92.83258,30,49.955,30.83258,-92.84158,30.8326
253,29,5,18,15,38,-092 51.016,30 49.953,-092 50.957,30 49.956, , , , , , , , , , , ,AAA, ,,-092,51.016,-92.85027,30,49.953,30.83255,-092,50.957,-92.84928,30,49.956,30.8326,-92.849775,30.832575
254,29,5,18,15,42,-092 50.973,30 49.976,-092 50.972,30 50.023, , , , , , , , , , , ,AAA, ,,-092,50.973,-92.84955,30,49.976,30.83293,-092,50.972,-92.84953,30,50.023,30.83372,-92.84953999999999,30.833325000000002
255,29,5,18,15,49,-092 50.985,30 50.148,-092 51.048,30 50.147, , , , , , , , , , , ,AAA, ,,-092,50.985,-92.84975,30,50.148,30.8358,-092,51.048,-92.8508,30,50.147,30.83578,-92.85027500000001,30.83579
256,30,5,18,13,42,-092 34.766,31 05.078,-092 34.788,31 05.029, , , , , , , , , , , ,AAA, ,,-092,34.766,-92.57943,31,05.078,31.08463,-092,34.788,-92.5798,31,05.029,31.08382,-92.579615,31.084225
257,30,5,18,13,46,-092 34.745,31 05.033,-092 34.762,31 05.073, , , , , , , , , , , ,AAA, ,,-092,34.745,-92.57908,31,05.033,31.08388,-092,34.762,-92.57937,31,05.073,31.08455,-92.57922500000001,31.084215
258,30,5,18,14,7,-092 34.361,31 04.902,-092 34.384,31 04.854, , , , , , , , , , , ,AAA, ,,-092,34.361,-92.57268,31,04.902,31.0817,-092,34.384,-92.57307,31,04.854,31.0809,-92.57287500000001,31.0813
259,30,5,18,14,25,-092 33.946,31 05.501,-092 33.946,31 05.553, , , , , , , , , , , ,AAA, ,,-092,33.946,-92.56577,31,05.501,31.09168,-092,33.946,-92.56577,31,05.553,31.09255,-92.56577,31.092115
260,30,5,18,14,43,-092 34.024,31 06.001,-092 33.992,31 06.046, , , , , , , , , , , ,AAA, ,,-092,34.024,-92.56707,31,06.001,31.10002,-092,33.992,-92.56653,31,06.046,31.10077,-92.5668,31.100395
261,30,5,18,14,56,-092 34.210,31 06.132,-092 34.259,31 06.098, , , , , , , , , , , ,AAA, ,,-092,34.210,-92.57017,31,06.132,31.1022,-092,34.259,-92.57098,31,06.098,31.10163,-92.570575,31.101914999999998
262,31,5,18,14,10,-092 35.620,31 43.403,-092 35.651,31 43.463, , , , , , , , , , , ,AAA, ,,-092,35.620,-92.59367,31,43.403,31.72338,-092,35.651,-92.59418,31,43.463,31.72438,-92.593925,31.72388
263,31,5,18,14,25,-092 35.572,31 43.420,-092 35.628,31 43.430,AAA,2,0,1,8,0,5,3,1,13,1,AAA, ,AAA2018053113,-092,35.572,-92.59287,31,43.420,31.72367,-092,35.628,-92.5938,31,43.430,31.72383,-92.593335,31.72375
264,31,5,18,14,32,-092 35.671,31 43.496,-092 35.675,31 43.525, , , , , , , , , , , ,AAA, ,,-092,35.671,-92.59452,31,43.496,31.72493,-092,35.675,-92.59458,31,43.525,31.72542,-92.59455,31.725175
265,31,5,18,14,46,-092 35.706,31 43.606,-092 35.680,31 43.654, , , , , , , , , , , ,AAA, ,,-092,35.706,-92.5951,31,43.606,31.72677,-092,35.680,-92.59467,31,43.654,31.72757,-92.594885,31.72717
266,31,5,18,14,57,-092 35.671,31 43.677,-092 35.648,31 43.728, , , , , , , , , , , ,AAA, ,,-092,35.671,-92.59452,31,43.677,31.72795,-092,35.648,-92.59413,31,43.728,31.7288,-92.594325,31.728375
267,31,5,18,15,25,-092 36.457,31 43.474,-092 36.465,31 43.516,AAA,2,0,1,8,0,5,3,1,14,4,AAA, ,AAA2018053114,-092,36.457,-92.60762,31,43.474,31.72457,-092,36.465,-92.60775,31,43.516,31.72527,-92.607685,31.724919999999997
268,31,5,18,15,50,-092 36.525,31 43.179,-092 36.473,31 43.211, , , , , , , , , , , ,AAA, ,,-092,36.525,-92.60875,31,43.179,31.71965,-092,36.473,-92.60788,31,43.211,31.72018,-92.608315,31.719915
269,1,6,18,12,22,-092 26.610,31 30.668,-092 26.655,31 30.714, , , , , , , , , , , ,AAA, ,,-092,26.610,-92.4435,31,30.668,31.51113,-092,26.655,-92.44425,31,30.714,31.5119,-92.44387499999999,31.511515000000003
270,1,6,18,12,37,-092 26.566,31 30.681,-092 26.561,31 30.678,AAA,2,0,1,8,0,6,0,1,15,1,AAA, ,AAA2018060115,-092,26.566,-92.44277,31,30.681,31.51135,-092,26.561,-92.44268,31,30.678,31.5113,-92.442725,31.511325
271,1,6,18,12,49,-092 26.475,31 30.551,-092 26.591,31 30.519, , , , , , , , , , , ,AAA, ,,-092,26.475,-92.44125,31,30.551,31.50918,-092,26.591,-92.44318,31,30.519,31.50865,-92.442215,31.508915000000002
272,1,6,18,13,20,-092 26.360,31 30.713,-092 26.422,31 30.692, , , , , , , , , , , ,AAA, ,,-092,26.360,-92.43933,31,30.713,31.51188,-092,26.422,-92.44037,31,30.692,31.51153,-92.43985,31.511705
273,1,6,18,13,25,-092 26.125,31 30.688,-092 26.299,31 30.714, , , , , , , , , , , ,AAA, ,,-092,26.125,-92.43542,31,30.688,31.51147,-092,26.299,-92.43832,31,30.714,31.5119,-92.43687,31.511685
274,1,6,18,13,35,-092 26.054,31 30.829,-092 26.077,31 30.856, , , , , , , , , , , ,AAA, ,,-092,26.054,-92.43423,31,30.829,31.51382,-092,26.077,-92.43462,31,30.856,31.51427,-92.434425,31.514045
275,1,6,18,13,39,-092 26.892,31 30.872,-092 25.996,31 30.898, , , , , , , , , , , ,AAA, ,,-092,26.892,-92.4482,31,30.872,31.51453,-092,25.996,-92.43327,31,30.898,31.51497,-92.44073499999999,31.51475
276,1,6,18,14,4,-092 25.892,31 30.994,-092 25.847,31 30.039, , , , , , , , , , , ,AAA, ,,-092,25.892,-92.43153,31,30.994,31.51657,-092,25.847,-92.43078,31,30.039,31.50065,-92.43115499999999,31.50861
277,1,6,18,15,34,body,body,body,body,AAA,2,0,1,8,0,6,0,1,16,1,AAA, ,AAA2018060116,body,, ,body,, ,body,, ,body,, , , 
278,6,6,18,17,11,-092 08.715,29 51.775,-092 08.737,29 51.824, , , , , , , , , , , ,AAA, ,,-092,08.715,-92.14525,29,51.775,29.86292,-092,08.737,-92.14562,29,51.824,29.86373,-92.14543499999999,29.863325
279,7,6,18,11,13,-092 17.215,30 49.861,-092 17.163,30 49.834,AAA,2,0,1,8,0,6,0,7,17,3,AAA, ,AAA2018060717,-092,17.215,-92.28692,30,49.861,30.83102,-092,17.163,-92.28605,30,49.834,30.83057,-92.286485,30.830795000000002
280,7,6,18,11,24,-092 17.101,30 49.064,-092 17.083,30 49.916,AAA,2,0,1,8,0,6,0,7,17,1,AAA, ,AAA2018060717,-092,17.101,-92.28502,30,49.064,30.81773,-092,17.083,-92.28472,30,49.916,30.83193,-92.28487,30.82483
281,7,6,18,11,41,-092 17.031,30 49.064,-092 16.998,30 50.101,AAA,2,0,1,8,0,6,0,7,17,1,AAA, ,AAA2018060717,-092,17.031,-92.28385,30,49.064,30.81773,-092,16.998,-92.2833,30,50.101,30.83502,-92.283575,30.826375
282,7,6,18,11,58,-092 18.025,30 50.271,-092 17.078,-092 17.029, , , , , , , , , , , ,AAA, ,,-092,18.025,-92.30042,30,50.271,30.83785,-092,17.078,-92.28463,-092,17.029,-91.71618,-92.29252500000001,-30.439164999999996
283,7,6,18,12,36,-092 16.837,30 50.371,-092 16.859,30 50.404,AAA,2,0,1,8,0,6,0,7,17,1,AAA, ,AAA2018060717,-092,16.837,-92.28062,30,50.371,30.83952,-092,16.859,-92.28098,30,50.404,30.84007,-92.2808,30.839795000000002
284,7,6,18,12,58,-092 16.778,30 50.401,-092 16.740,30 50.396, , , , , , , , , , , ,AAA, ,,-092,16.778,-92.27963,30,50.401,30.84002,-092,16.740,-92.279,30,50.396,30.83993,-92.279315,30.839975
285,7,6,18,13,11,-092 16.584,30 50.293,-092 16.531,30 50.264, , , , , , , , , , , ,AAA, ,,-092,16.584,-92.2764,30,50.293,30.83822,-092,16.531,-92.27552,30,50.264,30.83773,-92.27596,30.837975
286,7,6,18,13,28,-092 16.452,30 50.073,-092 16.490,30 50.035,AAA,2,0,1,8,0,6,0,7,18,1,AAA, ,AAA2018060718,-092,16.452,-92.2742,30,50.073,30.83455,-092,16.490,-92.27483,30,50.035,30.83392,-92.274515,30.834235
287,7,6,18,13,53,-092 16.217,30 49.760,-092 16.185,30 49.712, , , , , , , , , , , ,AAA, ,,-092,16.217,-92.27028,30,49.760,30.82933,-092,16.185,-92.26975,30,49.712,30.82853,-92.270015,30.82893
289,7,6,18,14,12,body,body,body,body,AAA,2,0,1,8,0,6,0,7,18,1,AAA, ,AAA2018060718,body,, ,body,, ,body,, ,body,, , , 
290,7,6,18,14,31,-092 16.042,30 15.308,-092 16.056,30 49.260, , , , , , , , , , , ,AAA, ,,-092,16.042,-92.26737,30,15.308,30.25513,-092,16.056,-92.2676,30,49.260,30.821,-92.267485,30.538065000000003
292,11,6,18,10,40,-091 59.213,30 15.497,-091 59.160,30 15.489, , , , , , , , , , , ,AAA, ,,-091,59.213,-91.98688,30,15.497,30.25828,-091,59.160,-91.986,30,15.489,30.25815,-91.98644,30.258215
293,11,6,18,10,47,-091 59.140,30 15.482,-091 59.105,30 15.453, , , , , , , , , , , ,AAA, ,,-091,59.140,-91.98567,30,15.482,30.25803,-091,59.105,-91.98508,30,15.453,30.25755,-91.985375,30.25779
294,11,6,18,10,52,-092 59.024,30 15.413,-092 59.067,30 15.434, , , , , , , , , , , ,AAA, ,,-092,59.024,-92.98373,30,15.413,30.25688,-092,59.067,-92.98445,30,15.434,30.25723,-92.98409,30.257055
295,11,6,18,11,0,-091 59.121,30 15.484,-091 59.092,30 15.516, , , , , , , , , , , ,AAA, ,,-091,59.121,-91.98535,30,15.484,30.25807,-091,59.092,-91.98487,30,15.516,30.2586,-91.98510999999999,30.258335000000002
296,11,6,18,11,7,-091 59.110,30 15.509,-091 59.151,30 15.511, , , , , , , , , , , ,AAA, ,,-091,59.110,-91.98517,30,15.509,30.25848,-091,59.151,-91.98585,30,15.511,30.25852,-91.98551,30.258499999999998
297,11,6,18,11,11,-091 59.218,30 15.514,-091 59.165,30 15.513, , , , , , , , , , , ,AAA, ,,-091,59.218,-91.98697,30,15.514,30.25857,-091,59.165,-91.98608,30,15.513,30.25855,-91.986525,30.25856
298,11,6,18,11,30,-091 59.708,30 15.587,-091 59.661,30 15.557, , , , , , , , , , , ,AAA, ,,-091,59.708,-91.99513,30,15.587,30.25978,-091,59.661,-91.99435,30,15.557,30.25928,-91.99474000000001,30.259529999999998
299,11,6,18,11,34,-091 59.663,30 15.551,-091 59.603,30 15.548, , , , , , , , , , , ,AAA, ,,-091,59.663,-91.99438,30,15.551,30.25918,-091,59.603,-91.99338,30,15.548,30.25913,-91.99388,30.259155
300,11,6,18,11,38,-091 59.602,30 15.556,-091 59.539,30 15.552, , , , , , , , , , , ,AAA, ,,-091,59.602,-91.99337,30,15.556,30.25927,-091,59.539,-91.99232,30,15.552,30.2592,-91.992845,30.259235
301,11,6,18,11,41,-091 59.539,30 15.550, , , , , , , , , , , , , ,AAA, ,,-091,59.539,-91.99232,30,15.550,30.25917, ,, , ,, , , 
302,14,6,18,15,39,-091 59.282,30 15.533,-091 59.339,30 15.538, , , , , , , , , , , ,AAA, ,,-091,59.282,-91.98803,30,15.533,30.25888,-091,59.339,-91.98898,30,15.538,30.25897,-91.988505,30.258925
303,14,6,18, , ,-091 59.335,30 15.482,-091 59.372,30 15.510, , , , , , , , , , , ,AAA, ,,-091,59.335,-91.98892,30,15.482,30.25803,-091,59.372,-91.98953,30,15.510,30.2585,-91.989225,30.258265
304,14,6,18, , ,-091 59.413,30 15.474,-091 59.446,30 15.509, , , , , , , , , , , ,AAA, ,,-091,59.413,-91.99022,30,15.474,30.2579,-091,59.446,-91.99077,30,15.509,30.25848,-91.990495,30.25819
305,14,6,18, , ,-091 59.278,30 15.474,-091 59.332,30 15.452, , , , , , , , , , , ,AAA, ,,-091,59.278,-91.98797,30,15.474,30.2579,-091,59.332,-91.98887,30,15.452,30.25753,-91.98842,30.257714999999997
306,15,6,18,11,37,-092 00.064,30 38.659,-092 00.111,30 38.615, , , , , , , , , , , ,AAA, ,,-092,00.064,-92.00107,30,38.659,30.64432,-092,00.111,-92.00185,30,38.615,30.64358,-92.00146000000001,30.64395
307,15,6,18,11,47,-092 00.166,30 38.600,-092 00.236,30 38.584, , , , , , , , , , , ,AAA, ,,-092,00.166,-92.00277,30,38.600,30.64333,-092,00.236,-92.00393,30,38.584,30.64307,-92.00335,30.6432
308,15,6,18,11,55,-092 00.297,30 38.571,-092 00.361,30 38.543, , , , , , , , , , , ,AAA, ,,-092,00.297,-92.00495,30,38.571,30.64285,-092,00.361,-92.00602,30,38.543,30.64238,-92.005485,30.642615
309,15,6,18,12,37,-092 00.035,30 37.742,-092 00.981,30 38.771, , , , , , , , , , , ,AAA, ,,-092,00.035,-92.00058,30,37.742,30.62903,-092,00.981,-92.01635,30,38.771,30.64618,-92.008465,30.637605
310,15,6,18,12,43,-092 00.932,30 37.794,-092 00.870,30 38.792, , , , , , , , , , , ,AAA, ,,-092,00.932,-92.01553,30,37.794,30.6299,-092,00.870,-92.0145,30,38.792,30.64653,-92.015015,30.638215
311,15,6,18,12,48,-092 00.812,30 37.804,-092 00.738,30 38.814, , , , , , , , , , , ,AAA, ,,-092,00.812,-92.01353,30,37.804,30.63007,-092,00.738,-92.0123,30,38.814,30.6469,-92.01291499999999,30.638485
312,15,6,18,12,54,-092 00.681,30 37.826,-092 00.613,30 37.826, , , , , , , , , , , ,AAA, ,,-092,00.681,-92.01135,30,37.826,30.63043,-092,00.613,-92.01022,30,37.826,30.63043,-92.010785,30.63043
313,15,6,18,13,0,-092 00.592,30 37.871,-092 00.584,30 37.925, , , , , , , , , , , ,AAA, ,,-092,00.592,-92.00987,30,37.871,30.63118,-092,00.584,-92.00973,30,37.925,30.63208,-92.00980000000001,30.63163
314,15,6,18,13,8,-092 00.571,30 37.981,-092 00.569,30 37.040, , , , , , , , , , , ,AAA, ,,-092,00.571,-92.00952,30,37.981,30.63302,-092,00.569,-92.00948,30,37.040,30.61733,-92.0095,30.625175
315,15,6,18,13,13,-092 00.564,30 37.093,-092 00.564,30 37.150, , , , , , , , , , , ,AAA, ,,-092,00.564,-92.0094,30,37.093,30.61822,-092,00.564,-92.0094,30,37.150,30.61917,-92.0094,30.618695000000002
316,15,6,18,13,44,-092 00.178,30 37.543,-092 00.119,30 37.517, , , , , , , , , , , ,AAA, ,,-092,00.178,-92.00297,30,37.543,30.62572,-092,00.119,-92.00198,30,37.517,30.62528,-92.002475,30.625500000000002
317,18,6,18,13,55,-092 01.895,31 30.542,-092 01.920,31 30.501, , , , , , , , , , , ,AAA, ,,-092,01.895,-92.03158,31,30.542,31.50903,-092,01.920,-92.032,31,30.501,31.50835,-92.03179,31.50869
318,18,6,18,14,9,-092 01.945,31 30.417,-092 01.917,31 30.457, , , , , , , , , , , ,AAA, ,,-092,01.945,-92.03242,31,30.417,31.50695,-092,01.917,-92.03195,31,30.457,31.50762,-92.032185,31.507285
319,18,6,18,14,21,-092 01.858,31 30.566,-092 01.808,31 30.605, , , , , , , , , , , ,AAA, ,,-092,01.858,-92.03097,31,30.566,31.50943,-092,01.808,-92.03013,31,30.605,31.51008,-92.03055,31.509755
320,18,6,18,14,29,-092 01.787,31 30.633,-092 01.814,31 30.614, , , , , , , , , , , ,AAA, ,,-092,01.787,-92.02978,31,30.633,31.51055,-092,01.814,-92.03023,31,30.614,31.51023,-92.030005,31.51039
321,18,6,18,14,39,-092 01.881,31 30.552,-092 01.908,31 30.595, , , , , , , , , , , ,AAA, ,,-092,01.881,-92.03135,31,30.552,31.5092,-092,01.908,-92.0318,31,30.595,31.50992,-92.031575,31.50956
322,18,6,18,15,10,-092 01.117,31 30.808,-092 01.083,31 30.850, , , , , , , , , , , ,AAA, ,,-092,01.117,-92.01862,31,30.808,31.51347,-092,01.083,-92.01805,31,30.850,31.51417,-92.01833500000001,31.513820000000003
323,18,6,18,15,28,-092 01.096,31 30.904,-092 01.138,31 30.914, , , , , , , , , , , ,AAA, ,,-092,01.096,-92.01827,31,30.904,31.51507,-092,01.138,-92.01897,31,30.914,31.51523,-92.01862,31.51515
324,18,6,18,15,39,-092 01.169,31 30.976,-092 01.232,31 30.991, , , , , , , , , , , ,AAA, ,,-092,01.169,-92.01948,31,30.976,31.51627,-092,01.232,-92.02053,31,30.991,31.51652,-92.020005,31.516395
325,20,6,18,13,51,-092 22.116,31 26.992,-092 22.179,31 26.992, , , , , , , , , , , ,AAA, ,,-092,22.116,-92.3686,31,26.992,31.44987,-092,22.179,-92.36965,31,26.992,31.44987,-92.369125,31.44987
326,20,6,18,14,0,-092 22.364,31 27.026,-092 22.363,31 27.082, , , , , , , , , , , ,AAA, ,,-092,22.364,-92.37273,31,27.026,31.45043,-092,22.363,-92.37272,31,27.082,31.45137,-92.372725,31.4509
327,20,6,18,14,6,-092 22.363,31 27.173,"-092 22,361",31 27.235, , , , , , , , , , , ,AAA, ,,-092,22.363,-92.37272,31,27.173,31.45288,-092,"22,361", ,31,27.235,31.45392, ,31.453400000000002
328,20,6,18,14,24,-092 22.069,31 27.461,-092 22.018,31 27.510, , , , , , , , , , , ,AAA, ,,-092,22.069,-92.36782,31,27.461,31.45768,-092,22.018,-92.36697,31,27.510,31.4585,-92.36739499999999,31.45809
329,20,6,18,14,36,-092 22.927,31 27.928,"-092 22,921",31 27.510, , , , , , , , , , , ,AAA, ,,-092,22.927,-92.38212,31,27.928,31.46547,-092,"22,921", ,31,27.510,31.4585, ,31.461985
330,20,6,18,14,41,-092 22.927,31 27.455,-092 22.993,31 27.461, , , , , , , , , , , ,AAA, ,,-092,22.927,-92.38212,31,27.455,31.45758,-092,22.993,-92.38322,31,27.461,31.45768,-92.38266999999999,31.45763
331,20,6,18,15,2,-092 22.320,31 27.493,"-092 22,316",31 27.452, , , , , , , , , , , ,AAA, ,,-092,22.320,-92.372,31,27.493,31.45822,-092,"22,316", ,31,27.452,31.45753, ,31.457875
332,21,6,18,13,24,-092 21.881,31 27.641,-092 21.835,31 27.619, , , , , , , , , , , ,AAA, ,,-092,21.881,-92.36468,31,27.641,31.46068,-092,21.835,-92.36392,31,27.619,31.46032,-92.3643,31.4605
333,21,6,18,14,1,-092 21.798,31 27.558,-092 21.751,31 27.519, , , , , , , , , , , ,AAA, ,,-092,21.798,-92.3633,31,27.558,31.4593,-092,21.751,-92.36252,31,27.519,31.45865,-92.36291,31.458975
334,21,6,18,14,18,-092 21.698,31 27.504,-092 21.632,31 27.504,AAA,2,0,1,8,0,6,2,1,20,1,AAA, ,AAA2018062120,-092,21.698,-92.36163,31,27.504,31.4584,-092,21.632,-92.36053,31,27.504,31.4584,-92.36108,31.4584
335,21,6,18,14,27,-092 21.593,31 27.428,-092 21.541,31 27.447,AAA,2,0,1,8,0,6,2,1,20,1,AAA, ,AAA2018062120,-092,21.593,-92.35988,31,27.428,31.45713,-092,21.541,-92.35902,31,27.447,31.45745,-92.35945000000001,31.45729
336,21,6,18,14,40,-092 21.493,31 27.504,-092 21.539,31 27.548, , , , , , , , , , , ,AAA, ,,-092,21.493,-92.35822,31,27.504,31.4584,-092,21.539,-92.35898,31,27.548,31.45913,-92.3586,31.458765
337,21,6,18,14,48,-092 21.528,31 27.573,-092 21.482,31 27.543, , , , , , , , , , , ,AAA, ,,-092,21.528,-92.3588,31,27.573,31.45955,-092,21.482,-92.35803,31,27.543,31.45905,-92.35841500000001,31.4593
338,21,6,18,15,10,-092 21.408,31 27.707,-092 21.356,31 27.709, , , , , , , , , , , ,AAA, ,,-092,21.408,-92.3568,31,27.707,31.46178,-092,21.356,-92.35593,31,27.709,31.46182,-92.35636500000001,31.4618
339,26,6,18,11,24,-092 44.398,30 44.827,-092 44.403,30 44.774, , , , , , , , , , , ,AAA, ,,-092,44.398,-92.73997,30,44.827,30.74712,-092,44.403,-92.74005,30,44.774,30.74623,-92.74001,30.746675
340,26,6,18,11,32,-092 44.426,30 44.727,-092 44.467,30 44.759, , , , , , , , , , , ,AAA, ,,-092,44.426,-92.74043,30,44.727,30.74545,-092,44.467,-92.74112,30,44.759,30.74598,-92.740775,30.745715
341,26,6,18,11,50,-092 44.360,30 44.766,-092 44.348,30 44.811, , , , , , , , , , , ,AAA, ,,-092,44.360,-92.73933,30,44.766,30.7461,-092,44.348,-92.73913,30,44.811,30.74685,-92.73922999999999,30.746474999999997
342,26,6,18,12,41,-092 42.131,30 49.052,-092 42.142,30 49.102, , , , , , , , , , , ,AAA, ,,-092,42.131,-92.70218,30,49.052,30.81753,-092,42.142,-92.70237,30,49.102,30.81837,-92.702275,30.817950000000003
343,26,6,18,12,49,-092 42.145,30 49.167,-092 42.146,30 49.270, , , , , , , , , , , ,AAA, ,,-092,42.145,-92.70242,30,49.167,30.81945,-092,42.146,-92.70243,30,49.270,30.82117,-92.702425,30.82031
344,26,6,18,12,58,-092 42.171,30 49.392,-092 42.211,30 49.439, , , , , , , , , , , ,AAA, ,,-092,42.171,-92.70285,30,49.392,30.8232,-092,42.211,-92.70352,30,49.439,30.82398,-92.70318499999999,30.82359
345,26,6,18,13,35,-092 43.176,30 49.668,-092 43.233,30 49.637, , , , , , , , , , , ,AAA, ,,-092,43.176,-92.7196,30,49.668,30.8278,-092,43.233,-92.72055,30,49.637,30.82728,-92.72007500000001,30.82754
346,26,6,18,13,49,-092 43.279,30 49.745,-092 43.278,30 49.293, , , , , , , , , , , ,AAA, ,,-092,43.279,-92.72132,30,49.745,30.82908,-092,43.278,-92.7213,30,49.293,30.82155,-92.72131,30.825315
347,26,6,18,13,54,-092 43.291,30 49.230,-092 43.232,30 49.197, , , , , , , , , , , ,AAA, ,,-092,43.291,-92.72152,30,49.230,30.8205,-092,43.232,-92.72053,30,49.197,30.81995,-92.721025,30.820225
348,26,6,18,14,19,-092 42.872,30 49.028,-092 42.819,30 49.035, , , , , , , , , , , ,AAA, ,,-092,42.872,-92.71453,30,49.028,30.81713,-092,42.819,-92.71365,30,49.035,30.81725,-92.71409,30.81719
349,26,6,18,15,57,-092 49.595,30 49.219,-092 49.536,30 49.208, , , , , , , , , , , ,AAA, ,,-092,49.595,-92.82658,30,49.219,30.82032,-092,49.536,-92.8256,30,49.208,30.82013,-92.82609,30.820225
350,26,6,18,16,3,-092 49.628,30 49.228,-092 49.663,30 49.196, , , , , , , , , , , ,AAA, ,,-092,49.628,-92.82713,30,49.228,30.82047,-092,49.663,-92.82772,30,49.196,30.81993,-92.827425,30.8202
351,26,6,18,16,15,-092 49.746,30 49.146,-092 49.721,30 49.121, , , , , , , , , , , ,AAA, ,,-092,49.746,-92.8291,30,49.146,30.8191,-092,49.721,-92.82868,30,49.121,30.81868,-92.82889,30.81889
352,27,6,18,14,28,-091 52.210,30 05.198,-091 52.255,30 05.161, , , , , , , , , , , ,AAA, ,,-091,52.210,-91.87017,30,05.198,30.08663,-091,52.255,-91.87092,30,05.161,30.08602,-91.87054499999999,30.086325000000002
353,27,6,18,14,33,-091 52.855,30 05.161,-091 52.265,30 05.111, , , , , , , , , , , ,AAA, ,,-091,52.855,-91.88092,30,05.161,30.08602,-091,52.265,-91.87108,30,05.111,30.08518,-91.876,30.0856
354,27,6,18,14,43,-091 52.265,30 05.041,-091 52.305,30 05.084, , , , , , , , , , , ,AAA, ,,-091,52.265,-91.87108,30,05.041,30.08402,-091,52.305,-91.87175,30,05.084,30.08473,-91.87141500000001,30.084375
355,27,6,18,14,53,-091 52.270,30 05.105,-091 52.245,30 05.056, , , , , , , , , , , ,AAA, ,,-091,52.270,-91.87117,30,05.105,30.08508,-091,52.245,-91.87075,30,05.056,30.08427,-91.87096,30.084675
356,27,6,18,14,56,-091 52.245,30 05.056,-091 52.218,30 05.008, , , , , , , , , , , ,AAA, ,,-091,52.245,-91.87075,30,05.056,30.08427,-091,52.218,-91.8703,30,05.008,30.08347,-91.870525,30.083869999999997
357,27,6,18,15,0,-091 52.017,30 05.018,-091 52.184,30 05.089, , , , , , , , , , , ,AAA, ,,-091,52.017,-91.86695,30,05.018,30.08363,-091,52.184,-91.86973,30,05.089,30.08482,-91.86834,30.084225
358,27,6,18,15,3,-091 52.184,30 05.000,-091 52.160,30 05.054, , , , , , , , , , , ,AAA, ,,-091,52.184,-91.86973,30,05.000,30.08333,-091,52.160,-91.86933,30,05.054,30.08423,-91.86953,30.08378
359,27,6,18,15,9,-091 52.153,30 05.065,-091 52.191,30 05.111, , , , , , , , , , , ,AAA, ,,-091,52.153,-91.86922,30,05.065,30.08442,-091,52.191,-91.86985,30,05.111,30.08518,-91.869535,30.0848
360,27,6,18,15,31,-091 52.191,30 05.111,-091 52.207,30 05.156, , , , , , , , , , , ,AAA, ,,-091,52.191,-91.86985,30,05.111,30.08518,-091,52.207,-91.87012,30,05.156,30.08593,-91.869985,30.085555
361,28,6,18,10,47,-092 16.040,30 48.760,-092 16.016,30 48.804, , , , , , , , , , , ,AAA, ,,-092,16.040,-92.26733,30,48.760,30.81267,-092,16.016,-92.26693,30,48.804,30.8134,-92.26713000000001,30.813035
362,28,6,18,10,53,-092 15.980,30 48.090,-092 15.970,30 48.839, , , , , , , , , , , ,AAA, ,,-092,15.980,-92.26633,30,48.090,30.8015,-092,15.970,-92.26617,30,48.839,30.81398,-92.26625,30.807740000000003
363,28,6,18,11,21,-092 15.990,30 49.008,-092 15.941,30 48.980, , , , , , , , , , , ,AAA, ,,-092,15.990,-92.2665,30,49.008,30.8168,-092,15.941,-92.26568,30,48.980,30.81633,-92.26608999999999,30.816565
364,28,6,18,11,38,-092 15.872,30 48.935,-092 15.833,30 48.907, , , , , , , , , , , ,AAA, ,,-092,15.872,-92.26453,30,48.935,30.81558,-092,15.833,-92.26388,30,48.907,30.81512,-92.264205,30.815350000000002
365,28,6,18,11,44,-092 15.765,30 46.756,-092 15.704,30 48.737, , , , , , , , , , , ,AAA, ,,-092,15.765,-92.26275,30,46.756,30.77927,-092,15.704,-92.26173,30,48.737,30.81228,-92.26223999999999,30.795775
366,28,6,18,12,0,-092 15.725,30 48.481,-092 15.759,30 48.431, , , , , , , , , , , ,AAA, ,,-092,15.725,-92.26208,30,48.481,30.80802,-092,15.759,-92.26265,30,48.431,30.80718,-92.26236499999999,30.8076
367,28,6,18,12,33,-092 15.886,30 48.261,-092 15.860,30  48.225, , , , , , , , , , , ,AAA, ,,-092,15.886,-92.26477,30,48.261,30.80435,-092,15.860,-92.26433,30,, ,-92.26455, 
368,28,6,18,13,5,-092 15.788,30 48.906,-092 15.831,30 48.897, , , , , , , , , , , ,AAA, ,,-092,15.788,-92.26313,30,48.906,30.8151,-092,15.831,-92.26385,30,48.897,30.81495,-92.26349,30.815025
369,28,6,18,13,16,-092 15.827,30 48.770,-092 15.784,30 48.732, , , , , , , , , , , ,AAA, ,,-092,15.827,-92.26378,30,48.770,30.81283,-092,15.784,-92.26307,30,48.732,30.8122,-92.263425,30.812515
370,28,6,18,13,26,-092 15.680,30 48.078,-092 15.673,30 48.673, , , , , , , , , , , ,AAA, ,,-092,15.680,-92.26133,30,48.078,30.8013,-092,15.673,-92.26122,30,48.673,30.81122,-92.261275,30.80626
371,28,6,18,13,56,-092 15.568,30 45.417,-092 15.531,30 48.374, , , , , , , , , , , ,AAA, ,,-092,15.568,-92.25947,30,45.417,30.75695,-092,15.531,-92.25885,30,48.374,30.80623,-92.25916,30.78159
372,28,6,18,15,10,-092 15.729,30 46.446,-092 15.707,30 46.474, , , , , , , , , , , ,AAA, ,,-092,15.729,-92.26215,30,46.446,30.7741,-092,15.707,-92.26178,30,46.474,30.77457,-92.261965,30.774335
373,28,6,18,15,26,-092 15.447,30 46.628,-092 15.407,30 46.657, , , , , , , , , , , ,AAA, ,,-092,15.447,-92.25745,30,46.628,30.77713,-092,15.407,-92.25678,30,46.657,30.77762,-92.257115,30.777375
374,2,7,18,14,28,-092 54.283,32 05.011,-092 54.302,32 04.964, , , , , , , , , , , ,AAA, ,,-092,54.283,-92.90472,32,05.011,32.08352,-092,54.302,-92.90503,32,04.964,32.08273,-92.904875,32.083124999999995
375,2,7,18,14,35,-092 54.297,32 04.957,-092 54.261,32 04.915, , , , , , , , , , , ,AAA, ,,-092,54.297,-92.90495,32,04.957,32.08262,-092,54.261,-92.90435,32,04.915,32.08192,-92.90465,32.082269999999994
376,2,7,18,14,37,-092 54.259,32 04.917,-092 54.278,32 04.868, , , , , , , , , , , ,AAA, ,,-092,54.259,-92.90432,32,04.917,32.08195,-092,54.278,-92.90463,32,04.868,32.08113,-92.90447499999999,32.081540000000004
377,2,7,18,14,41,-092 54.330,32 04.848,-092 54.382,32 04.862, , , , , , , , , , , ,AAA, ,,-092,54.330,-92.9055,32,04.848,32.0808,-092,54.382,-92.90637,32,04.862,32.08103,-92.905935,32.080915000000005
378,2,7,18,14,49,-092 54.571,32 04.917,-092 54.535,32 04.878,AAA,2,0,1,8,0,7,0,2,21,2,AAA, ,AAA2018070221,-092,54.571,-92.90952,32,04.917,32.08195,-092,54.535,-92.90892,32,04.878,32.0813,-92.90922,32.081625
379,2,7,18,14,57,-092 54.527,32 04.880,-092 54.821,32 04.525, , , , , , , , , , , ,AAA, ,,-092,54.527,-92.90878,32,04.880,32.08133,-092,54.821,-92.91368,32,04.525,32.07542,-92.91122999999999,32.078375
380,2,7,18,15,3,-092 54.600,32 04.809,-092 54.615,32 04.750, , , , , , , , , , , ,AAA, ,,-092,54.600,-92.91,32,04.809,32.08015,-092,54.615,-92.91025,32,04.750,32.07917,-92.910125,32.079660000000004
381,2,7,18,15,8,-092 54.611,32 04.695,-092 54.563,32 04.690, , , , , , , , , , , ,AAA, ,,-092,54.611,-92.91018,32,04.695,32.07825,-092,54.563,-92.90938,32,04.690,32.07817,-92.90978,32.07821
382,2,7,18,15,13,-092 54.469,32 04.695,"-092 54,513",32 04.652,AAA,2,0,1,8,0,7,0,2,21,1,AAA, ,AAA2018070221,-092,54.469,-92.90782,32,04.695,32.07825,-092,"54,513", ,32,04.652,32.07753, ,32.07789
383,2,7,18,15,20,-092 54.527,32 04.605,-092 54.483,32 04.578,AAA,2,0,1,8,0,7,0,2,TAPE,xx,AAA,TAPE OF YOUNG TICKS,AAA20180702,-092,54.527,-92.90878,32,04.605,32.07675,-092,54.483,-92.90805,32,04.578,32.0763,-92.90841499999999,32.076525000000004
384,3,7,18,12,54,-092 46.701,31 54.049,-092 46.598,31 54.047, , , , , , , , , , , ,AAA, ,,-092,46.701,-92.77835,31,54.049,31.90082,-092,46.598,-92.77663,31,54.047,31.90078,-92.77749,31.9008
385,3,7,18,13,1,-092 46.597,31 54.047,-092 46.559,31 54.086, , , , , , , , , , , ,AAA, ,,-092,46.597,-92.77662,31,54.047,31.90078,-092,46.559,-92.77598,31,54.086,31.90143,-92.77629999999999,31.901105
386,3,7,18,13,7,-092 46.490,31 54.072,-092 46.470,31 54.023,AAA,2,0,1,8,0,7,0,3,22,1,AAA, ,AAA2018070322,-092,46.490,-92.77483,31,54.072,31.9012,-092,46.470,-92.7745,31,54.023,31.90038,-92.774665,31.90079
387,3,7,18,13,13,-092 46.445,31 53.992,-092 46.406,31 53.964, , , , , , , , , , , ,AAA, ,,-092,46.445,-92.77408,31,53.992,31.89987,-092,46.406,-92.77343,31,53.964,31.8994,-92.773755,31.899635
388,3,7,18,13,24,-092 46.436,31 53.808,-092 46.504,31 53.797, , , , , , , , , , , ,AAA, ,,-092,46.436,-92.773929999999993,31,53.808,31.8968,-092,46.504,-92.77507,31,53.797,31.89662,-92.77449999999999,31.89671
389,3,7,18,13,33,-092 46.608,31 53.856,-092 46.652,31 53.837, , , , , , , , , , , ,AAA, ,,-092,46.608,-92.7768,31,53.856,31.8976,-092,46.652,-92.77753,31,53.837,31.89728,-92.777165,31.89744
390,3,7,18,14,6,-092 46.560,31 53.944,-092 46.503,31 53.949, , , , , , , , , , , ,AAA, ,,-092,46.560,-92.776,31,53.944,31.89907,-092,46.503,-92.77505,31,53.949,31.89915,-92.77552499999999,31.89911
391,3,7,18,14,16,-092 46.493,31 53.921,-092 46.528,31 53.923, , , , , , , , , , , ,AAA, ,,-092,46.493,-92.77488,31,53.921,31.89868,-092,46.528,-92.77547,31,53.923,31.89872,-92.77517499999999,31.898699999999998
392,17,7,18,13,56,-092 48.776,30 49.062,-092 49.062,30 49.062, , , , , , , , , , , ,AAA, ,,-092,48.776,-92.81293,30,49.062,30.8177,-092,49.062,-92.8177,30,49.062,30.8177,-92.815315,30.8177
393,17,7,18,14,7,-092 48.854,30 49.067,-092 49.067,30 49.070, , , , , , , , , , , ,AAA, ,,-092,48.854,-92.81423,30,49.067,30.81778,-092,49.067,-92.81778,30,49.070,30.81783,-92.81600499999999,30.817805
394,17,7,18,14,11,-092 48.914,30 49.037,-092 49.037,30 48.992, , , , , , , , , , , ,AAA, ,,-092,48.914,-92.81523,30,49.037,30.81728,-092,49.037,-92.81728,30,48.992,30.81653,-92.816255,30.816905
395,17,7,18,14,19,-092 48.912,30 48.935,-092 48.935,30 48.904, , , , , , , , , , , ,AAA, ,,-092,48.912,-92.8152,30,48.935,30.81558,-092,48.935,-92.81558,30,48.904,30.81507,-92.81539000000001,30.815325
396,17,7,18,14,22,-092 47.685,30 48.797,-092 48.797,30 48.814, , , , , , , , , , , ,AAA, ,,-092,47.685,-92.79475,30,48.797,30.81328,-092,48.797,-92.81328,30,48.814,30.81357,-92.80401499999999,30.813425
397,17,7,18,16,6,-092 47.744,30 48.130,-092 48.896,30 48.137, , , , , , , , , , , ,AAA, ,,-092,47.744,-92.79573,30,48.130,30.80217,-092,48.896,-92.81493,30,48.137,30.80228,-92.80533,30.802225
398,18,7,18,12,4,-092 00.841,31 07.159,-092 00.896,31 07.175, , , , , , , , , , , ,AAA, ,,-092,00.841,-92.01402,31,07.159,31.11932,-092,00.896,-92.01493,31,07.175,31.11958,-92.014475,31.11945
399,18,7,18,12,11,-092 00.896,31 07.175,-092 00.905,31 07.224, , , , , , , , , , , ,AAA, ,,-092,00.896,-92.01493,31,07.175,31.11958,-092,00.905,-92.01508,31,07.224,31.1204,-92.015005,31.11999
400,18,7,18,12,14,-092 00.905,31 07.224,-092 00.910,31 07.263, , , , , , , , , , , ,AAA, ,,-092,00.905,-92.01508,31,07.224,31.1204,-092,00.910,-92.01517,31,07.263,31.12105,-92.015125,31.120725
401,18,7,18,12,17,-092 00.916,31 07.262,-092 00.958,31 07.266, , , , , , , , , , , ,AAA, ,,-092,00.916,-92.01527,31,07.262,31.12103,-092,00.958,-92.01597,31,07.266,31.1211,-92.01562,31.121065
402,18,7,18,12,20,-092 00.944,31 07.253,-092 00.944,31 07.205, , , , , , , , , , , ,AAA, ,,-092,00.944,-92.01573,31,07.253,31.12088,-092,00.944,-92.01573,31,07.205,31.12008,-92.01573,31.12048
403,18,7,18,12,23,-092 00.944,31 07.205,-092 00.933,31 07.158, , , , , , , , , , , ,AAA, ,,-092,00.944,-92.01573,31,07.205,31.12008,-092,00.933,-92.01555,31,07.158,31.1193,-92.01564,31.11969
404,18,7,18,12,26,-092 00.934,31 07.151,-092 00.916,31 07.117, , , , , , , , , , , ,AAA, ,,-092,00.934,-92.01557,31,07.151,31.11918,-092,00.916,-92.01527,31,07.117,31.11862,-92.01542,31.1189
405,18,7,18,12,28,-092 00.916,31 07.118,-092 00.910,31 07.081, , , , , , , , , , , ,AAA, ,,-092,00.916,-92.01527,31,07.118,31.11863,-092,00.910,-92.01517,31,07.081,31.11802,-92.01522,31.118325
406,18,7,18,12,31,-092 00.910,31 07.081,-092 00.859,31 07.098, , , , , , , , , , , ,AAA, ,,-092,00.910,-92.01517,31,07.081,31.11802,-092,00.859,-92.01432,31,07.098,31.1183,-92.014745,31.118160000000003
407,18,7,18,12,34,-092 00.859,31 07.098,-092 00.835,31 07.131, , , , , , , , , , , ,AAA, ,,-092,00.859,-92.01432,31,07.098,31.1183,-092,00.835,-92.01392,31,07.131,31.11885,-92.01411999999999,31.118575
408,18,7,18,15,11,-092 58.741,31 06.543,-092 58.716,31 06.500, , , , , , , , , , , ,AAA, ,,-092,58.741,-92.97902,31,06.543,31.10905,-092,58.716,-92.9786,31,06.500,31.10833,-92.97881000000001,31.10869
409,18,7,18,15,13,-092 58.716,31 06.500,-092 58.694,31 06.451, , , , , , , , , , , ,AAA, ,,-092,58.716,-92.9786,31,06.500,31.10833,-092,58.694,-92.97823,31,06.451,31.10752,-92.978415,31.107925
410,18,7,18,15,15,-092 58.694,31 06.451,-092 58.666,31 06.399, , , , , , , , , , , ,AAA, ,,-092,58.694,-92.97823,31,06.451,31.10752,-092,58.666,-92.97777,31,06.399,31.10665,-92.97800000000001,31.107084999999998
411,18,7,18,15,17,-092 58.666,31 06.399,-092 58.614,31 06.371, , , , , , , , , , , ,AAA, ,,-092,58.666,-92.97777,31,06.399,31.10665,-092,58.614,-92.9769,31,06.371,31.10618,-92.97733500000001,31.106415
412,18,7,18,15,23,-092 58.579,31 06.295,-092 58.548,31 06.258, , , , , , , , , , , ,AAA, ,,-092,58.579,-92.97632,31,06.295,31.10492,-092,58.548,-92.9758,31,06.258,31.1043,-92.97606,31.10461
413,18,7,18,15,41,-092 58.258,31 05.899,-092 58.223,31 05.858, , , , , , , , , , , ,AAA, ,,-092,58.258,-92.97097,31,05.899,31.09832,-092,58.223,-92.97038,31,05.858,31.09763,-92.970675,31.097974999999998
414,19,7,18,11,8,-092 32.841,31 04.413,-092 32.838,31 04.464, , , , , , , , , , , ,AAA, ,,-092,32.841,-92.54735,31,04.413,31.07355,-092,32.838,-92.5473,31,04.464,31.0744,-92.547325,31.073975
415,19,7,18,11,14,-092 32.838,31 04.464,-092 32.794,31 04.445, , , , , , , , , , , ,AAA, ,,-092,32.838,-92.5473,31,04.464,31.0744,-092,32.794,-92.54657,31,04.445,31.07408,-92.546935,31.07424
416,19,7,18,11,21,-092 32.851,31 04.402,-092 32.911,31 04.402, , , , , , , , , , , ,AAA, ,,-092,32.851,-92.54752,31,04.402,31.07337,-092,32.911,-92.54852,31,04.402,31.07337,-92.54802000000001,31.07337
417,19,7,18,14,3,-092 32.147,31 03.089,-092 32.163,31 03.046, , , , , , , , , , , ,AAA, ,,-092,32.147,-92.53578,31,03.089,31.05148,-092,32.163,-92.53605,31,03.046,31.05077,-92.535915,31.051125
418,19,7,18,14,6,-092 24.505,31 03.531,-092 24.562,31 03.344, , , , , , , , , , , ,AAA, ,,-092,24.505,-92.40842,31,03.531,31.05885,-092,24.562,-92.40937,31,03.344,31.05573,-92.408895,31.057290000000002
419,19,7,18,15,4,-092 27.421,31 03.059,-092 27.391,31 03.101, , , , , , , , , , , ,AAA, ,,-092,27.421,-92.45702,31,03.059,31.05098,-092,27.391,-92.45652,31,03.101,31.05168,-92.45677,31.05133
420,19,7,18,15,13,-092 27.509,31 02.911,-092 27.558,31 02.013, , , , , , , , , , , ,AAA, ,,-092,27.509,-92.45848,31,02.911,31.04852,-092,27.558,-92.4593,31,02.013,31.03355,-92.45889,31.041035
421,23,7,18,12,30,-092 22.656,31 25.211,-092 22.730,31 25.201, , , , , , , , , , , ,AAA, ,,-092,22.656,-92.3776,31,25.211,31.42018,-092,22.730,-92.37883,31,25.201,31.42002,-92.378215,31.420099999999998
422,23,7,18,12,35,-092 22.774,31 25.204,-092 22.706,31 25.222, , , , , , , , , , , ,AAA, ,,-092,22.774,-92.37957,31,25.204,31.42007,-092,22.706,-92.37843,31,25.222,31.42037,-92.37899999999999,31.42022
423,23,7,18,12,39,-092 22.700,31 25.227,-092 22.663,31 25.272, , , , , , , , , , , ,AAA, ,,-092,22.700,-92.37833,31,25.227,31.42045,-092,22.663,-92.37772,31,25.272,31.4212,-92.37802500000001,31.420825
424,23,7,18,12,42,-092 22.669,31 25.277,-092 22.653,"31 25,330", , , , , , , , , , , ,AAA, ,,-092,22.669,-92.37782,31,25.277,31.42128,-092,22.653,-92.37755,31,"25,330", ,-92.377685, 
425,23,7,18,12,45,-092 22.651,31 25.332,-092 22.644,31 25.399, , , , , , , , , , , ,AAA, ,,-092,22.651,-92.37752,31,25.332,31.4222,-092,22.644,-92.3774,31,25.399,31.42332,-92.37746,31.42276
426,23,7,18,12,49,-092 22.644,31 25.398,-092 22.619,31 25.445, , , , , , , , , , , ,AAA, ,,-092,22.644,-92.3774,31,25.398,31.4233,-092,22.619,-92.37698,31,25.445,31.42408,-92.37719,31.42369
427,23,7,18,15,46,-092 54.468,32 04.575,-092 54.436,32 04.546, , , , , , , , , , , ,AAA, ,,-092,54.468,-92.9078,32,04.575,32.07625,-092,54.436,-92.90727,32,04.546,32.07577,-92.907535,32.07601
428,23,7,18,15,56,-092 54.449,31 25.563, , , , , , , , , , , , , ,AAA, ,,-092,54.449,-92.90748,31,25.563,31.42605, ,, , ,, , , 
429,23,7,18,15,59,-092 54.464,31 25.566, , , , , , , , , , , , , ,AAA, ,,-092,54.464,-92.90773,31,25.566,31.4261, ,, , ,, , , 
430,23,7,18,16,5,-092 54.465,32 04.565,-092 54.496,32 04.599,AAA,2,0,1,8,0,7,2,3,23,1,AAA, ,AAA2018072323,-092,54.465,-92.90775,32,04.565,32.07608,-092,54.496,-92.90827,32,04.599,32.07665,-92.90800999999999,32.076364999999996
431,24,7,18,14,29,-092 59.637,31 28.548,-092 59.626,31 28.593, , , , , , , , , , , ,AAA, ,,-092,59.637,-92.99395,31,28.548,31.4758,-092,59.626,-92.99377,31,28.593,31.47655,-92.99386,31.476174999999998
432,24,7,18,14,33,-092 59.646,31 28.616,-092 59.624,31 28.666, , , , , , , , , , , ,AAA, ,,-092,59.646,-92.9941,31,28.616,31.47693,-092,59.624,-92.99373,31,28.666,31.47777,-92.993915,31.47735
433,24,7,18,14,47,-092 59.582,31 28.666,-092 59.545,31 28.705, , , , , , , , , , , ,AAA, ,,-092,59.582,-92.99303,31,28.666,31.47777,-092,59.545,-92.99242,31,28.705,31.47842,-92.99272500000001,31.478095
434,24,7,18,14,54,-092 59.633,31 28.756,-092 59.677,31 28.728,AAA,2,0,1,8,0,7,2,4,24,1,AAA, ,AAA2018072424,-092,59.633,-92.99388,31,28.756,31.47927,-092,59.677,-92.99462,31,28.728,31.4788,-92.99425,31.479035
435,24,7,18,15,15,-092 59.749,31 28.785,-092 59.771,31 28.829, , , , , , , , , , , ,AAA, ,,-092,59.749,-92.99582,31,28.785,31.47975,-092,59.771,-92.99618,31,28.829,31.48048,-92.996,31.480114999999998
436,24,7,18,15,31,-092 59.859,31 28.707,-092 59.879,31 28.683, , , , , , , , , , , ,AAA, ,,-092,59.859,-92.99765,31,28.707,31.47845,-092,59.879,-92.99798,31,28.683,31.47805,-92.997815,31.47825
437,25,7,18,11,8,-091 58.977,30 15.529,-091 58.947,30 15.587, , , , , , , , , , , ,AAA, ,,-091,58.977,-91.98295,30,15.529,30.25882,-091,58.947,-91.98245,30,15.587,30.25978,-91.9827,30.2593
438,25,7,18,11,16,-091 58.947,30 15.587,-091 58.935,30 15.616, , , , , , , , , , , ,AAA, ,,-091,58.947,-91.98245,30,15.587,30.25978,-091,58.935,-91.98225,30,15.616,30.26027,-91.98235,30.260025
439,25,7,18,11,19,-091 58.935,30 15.616,-091 58.915,30 15.651, , , , , , , , , , , ,AAA, ,,-091,58.935,-91.98225,30,15.616,30.26027,-091,58.915,-91.98192,30,15.651,30.26085,-91.982085,30.260559999999998
440,25,7,18,11,23,-091 58.915,30 15.651,-091 58.892,30 15.698, , , , , , , , , , , ,AAA, ,,-091,58.915,-91.98192,30,15.651,30.26085,-091,58.892,-91.98153,30,15.698,30.26163,-91.98172500000001,30.26124
441,25,7,18,11,29,-091 58.892,30 15.698,-091 58.875,30 15.740, , , , , , , , , , , ,AAA, ,,-091,58.892,-91.98153,30,15.698,30.26163,-091,58.875,-91.98125,30,15.740,30.26233,-91.98139,30.26198
442,25,7,18,11,33,-091 58.875,30 15.740,-091 58.858,30 15.758, , , , , , , , , , , ,AAA, ,,-091,58.875,-91.98125,30,15.740,30.26233,-091,58.858,-91.98097,30,15.758,30.26263,-91.98111,30.26248
443,25,7,18,11,38,-091 58.858,30 15.758,-091 58.906,30 15.775, , , , , , , , , , , ,AAA, ,,-091,58.858,-91.98097,30,15.758,30.26263,-091,58.906,-91.98177,30,15.775,30.26292,-91.98137,30.262775
444,25,7,18,11,42,-091 58.906,30 15.773,-091 58.965,30 15.805, , , , , , , , , , , ,AAA, ,,-091,58.906,-91.98177,30,15.773,30.26288,-091,58.965,-91.98275,30,15.805,30.26342,-91.98226,30.26315
445,25,7,18,11,48,-091 58.965,30 15.805,-091 58.022,30 15.779, , , , , , , , , , , ,AAA, ,,-091,58.965,-91.98275,30,15.805,30.26342,-091,58.022,-91.96703,30,15.779,30.26298,-91.97488999999999,30.263199999999998
446,25,7,18,11,52,-091 59.022,30 15.779,-091 59.066,30 15.799, , , , , , , , , , , ,AAA, ,,-091,59.022,-91.9837,30,15.779,30.26298,-091,59.066,-91.98443,30,15.799,30.26332,-91.984065,30.26315
447,25,7,18,11,55,-091 59.066,30 15.800,-091 59.192,30 15.810, , , , , , , , , , , ,AAA, ,,-091,59.066,-91.98443,30,15.800,30.26333,-091,59.192,-91.98653,30,15.810,30.2635,-91.98548,30.263415000000002
448,25,7,18,14,55,-092 27.292,30 15.334,-092 27.259,31 07.324, , , , , , , , , , , ,AAA, ,,-092,27.292,-92.45487,30,15.334,30.25557,-092,27.259,-92.45432,31,07.324,31.12207,-92.454595,30.68882
449,26,7,18,15,43,-092 29.992,31 06.274,-092 29.954,31 06.274, , , , , , , , , , , ,AAA, ,,-092,29.992,-92.49987,31,06.274,31.10457,-092,29.954,-92.49923,31,06.274,31.10457,-92.49955,31.10457
450,26,7,18,16,2,-092 29.620,31 06.556,-092 29.601,31 06.556, , , , , , , , , , , ,AAA, ,,-092,29.620,-92.49367,31,06.556,31.10927,-092,29.601,-92.49335,31,06.556,31.10927,-92.49351,31.10927
451,26,7,18,16,4,-092 29.602,31 06.614,-092 29.566,31 06.614, , , , , , , , , , , ,AAA, ,,-092,29.602,-92.49337,31,06.614,31.11023,-092,29.566,-92.49277,31,06.614,31.11023,-92.49306999999999,31.11023
452,26,7,18,16,9,-092 29.541,31 06.715,-092 29.534,31 06.715, , , , , , , , , , , ,AAA, ,,-092,29.541,-92.49235,31,06.715,31.11192,-092,29.534,-92.49223,31,06.715,31.11192,-92.49229,31.11192
453,26,7,18,16,17,-092 29.519,31 06.801,-092 29.529,31 06.801, , , , , , , , , , , ,AAA, ,,-092,29.519,-92.49198,31,06.801,31.11335,-092,29.529,-92.49215,31,06.801,31.11335,-92.492065,31.11335
454,26,7,18,16,21,-092 29.557,31 06.896,-092 29.575,31 06.896, , , , , , , , , , , ,AAA, ,,-092,29.557,-92.49262,31,06.896,31.11493,-092,29.575,-92.49292,31,06.896,31.11493,-92.49277000000001,31.11493
455,26,7,18,16,26,-092 29.573,31 06.000,-092 29.570,31 06.000, , , , , , , , , , , ,AAA, ,,-092,29.573,-92.49288,31,06.000,31.1,-092,29.570,-92.49283,31,06.000,31.1,-92.49285499999999,31.1
456,30,7,18,13,52,-092 15.557,30 46.951,-092 15.514,30 46.999, , , , , , , , , , , ,AAA, ,,-092,15.557,-92.25928,30,46.951,30.78252,-092,15.514,-92.25857,30,46.999,30.78332,-92.258925,30.78292
457,30,7,18,14,15,-092 15.389,30 46.802,-092 15.380,30 46.745, , , , , , , , , , , ,AAA, ,,-092,15.389,-92.25648,30,46.802,30.78003,-092,15.380,-92.25633,30,46.745,30.77908,-92.256405,30.779555000000002
458,30,7,18,14,30,-092 15.612,30 46.613,-092 15.624,30 46.555, , , , , , , , , , , ,AAA, ,,-092,15.612,-92.2602,30,46.613,30.77688,-092,15.624,-92.2604,30,46.555,30.77592,-92.2603,30.7764
459,30,7,18,14,40,-092 15.789,30 46.303,-092 15.788,30 46.255, , , , , , , , , , , ,AAA, ,,-092,15.789,-92.26315,30,46.303,30.77172,-092,15.788,-92.26313,30,46.255,30.77092,-92.26313999999999,30.77132
460,30,7,18,15,0,-092 15.658,30 46.021,-092 15.615,30 45.785, , , , , , , , , , , ,AAA, ,,-092,15.658,-92.26097,30,46.021,30.76702,-092,15.615,-92.26025,30,45.785,30.76308,-92.26061,30.76505
461,30,7,18,15,15,-092 17.961,30 45.872,-092 16.033,30 45.866, , , , , , , , , , , ,AAA, ,,-092,17.961,-92.29935,30,45.872,30.76453,-092,16.033,-92.26722,30,45.866,30.76443,-92.283285,30.76448
462,30,7,18,15,36,-092 45.684,30 45.684,-092 16.358,30 45.619, , , , , , , , , , , ,AAA, ,,-092,45.684,-92.7614,30,45.684,30.7614,-092,16.358,-92.27263,30,45.619,30.76032,-92.517015,30.76086
463,30,7,18,15,55,-092 16.662,30 45.538,-092 16.698,30 45.519, , , , , , , , , , , ,AAA, ,,-092,16.662,-92.2777,30,45.538,30.75897,-092,16.698,-92.2783,30,45.519,30.75865,-92.27799999999999,30.75881
464,30,7,18,16,17,-092 16.733,30 45.899,-092 16.653,30 45.065, , , , , , , , , , , ,AAA, ,,-092,16.733,-92.27888,30,45.899,30.76498,-092,16.653,-92.27755,30,45.065,30.75108,-92.278215,30.75803
465,30,7,18,16,53,-092 16.193,30 46.235,-092 16.243,30 46.253,AAA,2,0,1,8,0,7,3,0,25,4,AAA, ,AAA2018073025,-092,16.193,-92.26988,30,46.235,30.77058,-092,16.243,-92.27072,30,46.253,30.77088,-92.27029999999999,30.77073
466,30,7,18, , ,body,body,body,body,AAA,2,0,1,8,0,7,3,0,25,1,AAA, ,AAA2018073025,body,, ,body,, ,body,, ,body,, , , 
467,28,9,18,13,16,-091 59.090,30 15.570,-091 59.125,30 15.558, , , , , , , , , , , ,AAA, ,,-091,59.090,-91.98483,30,15.570,30.2595,-091,59.125,-91.98542,30,15.558,30.2593,-91.98512500000001,30.2594
468,28,9,18,13,20,-091 59.126,30 15.558,-091 59.152,30 15.560, , , , , , , , , , , ,AAA, ,,-091,59.126,-91.98543,30,15.558,30.2593,-091,59.152,-91.98587,30,15.560,30.25933,-91.98564999999999,30.259315
469,28,9,18,13,24,-091 59.149,30 15.560,-091 59.098,30 15.548, , , , , , , , , , , ,AAA, ,,-091,59.149,-91.98582,30,15.560,30.25933,-091,59.098,-91.98497,30,15.548,30.25913,-91.98539500000001,30.25923
470,28,9,18,13,27,-091 59.098,30 15.548,-091 59.150,30 15.531, , , , , , , , , , , ,AAA, ,,-091,59.098,-91.98497,30,15.548,30.25913,-091,59.150,-91.985830000000007,30,15.531,30.25885,-91.9854,30.258989999999997
471,28,9,18,13,33,-091 59.150,30 15.555,-091 59.092,30 15.534, , , , , , , , , , , ,AAA, ,,-091,59.150,-91.985830000000007,30,15.555,30.25925,-091,59.092,-91.98487,30,15.534,30.2589,-91.98535000000001,30.259075000000003
