collector,transect,fieldCode,day,month,year,hour,min,startLng,startLat,endLng,endLat,lng,lat,site,numTicks,notes
AAA,1,,1,5,18,14,33,-92.00902,30.30612, , , , ,,0, 
AAA,2,,1,5,18,14,38,-92.00912,30.30722,-92.00987,30.30732,-92.009495,30.307270000000003,,0, 
AAA,3,,1,5,18,14,49,-92.0108,30.30745,-92.01082,30.30688,-92.01080999999999,30.307164999999998,,0, 
AAA,4,,1,5,18,15,4,-92.01455,30.30775, , , , ,,0, 
AAA,5,,1,5,18,15,16,-92.01468,30.30677,-92.014,30.30738,-92.01434,30.307074999999998,,0, 
AAA,6,,1,5,18,15,28,-92.01502,30.30498, , , , ,,0, 
AAA,7,,1,5,18,15,40,-92.01215,30.30468,-92.01268,30.30525,-92.012415,30.304965000000003,,0, 
AAA,8,,2,5,18,8,21,-92.13362,29.86278,-92.13362,29.85512,-92.13362,29.85895,,0, 
AAA,9,,2,5,18,8,28,-92.14897,29.8627,-92.14967,29.86233,-92.14932,29.862515000000002,,0, 
AAA,10,,2,5,18,8,39,-92.1507,29.1507,-92.15087,29.86385,-92.150785,29.507275,,0, 
AAA,11,,2,5,18,9,4,-92.15037,29.86098,-92.15035,29.86177,-92.15036,29.861375000000002,,0, 
AAA,12,,2,5,18,9,15,-92.14803,29.86305,-92.14885,29.86297,-92.14844,29.863010000000003,,0, 
AAA,13,,2,5,18,11,43,-92.26868,30.81875,-92.26807,30.81802,-92.26837499999999,30.818385,,0, 
AAA,14,,2,5,18,11,56,-92.26855,30.81893,-92.26873,30.8198,-92.26864,30.819365,,0, 
AAA,15,,2,5,18,12,3,-92.26785,30.81815,-92.26723,30.81768,-92.26754,30.817915,,0, 
AAA,16,,2,5,18,12,13,-92.26738,30.8177,-92.26753,30.81742,-92.267455,30.81756,,0, 
AAA,17,,2,5,18,12,24,-92.28322,30.81813, , , , ,,0, 
AAA,18,,2,5,18,12,38,-92.26747,30.82192,-92.26747,30.82108,-92.26747,30.8215,,0, 
AAA,19,,2,5,18,13,1,-92.26775,30.82692,-92.26787,30.82617,-92.26781,30.826545000000003,,0, 
AAA,20,,2,5,18,13,10,-92.2683,30.82482,-92.26817,30.82385,-92.268235,30.824334999999998,,0, 
AAA,21,,2,5,18,14,55,-92.98385,30.25697,-91.98433,30.25842,-92.48409000000001,30.257695,,0, 
AAA,22,,2,5,18, , ,-91.98432,30.2584,-91.98402,30.25763,-91.98417,30.258015,,0, 
AAA,23,,2,5,18,16,20,-91.78798,30.34448,-91.78803,30.34535,-91.788005,30.344915,,0, 
AAA,24,,2,5,18,16,29,-91.78808,30.34298,-91.78817,30.34212,-91.788125,30.342550000000003,,0, 
AAA,25,,3,5,18,8,11,-91.79165,30.36485,-91.79183,30.36568,-91.79174,30.365265,,0, 
AAA,26,,3,5,18,8, ,-91.79155,30.36467,-91.79142,30.36377,-91.791485,30.36422,,0, 
AAA,27,,3,5,18,8,36,-91.79173,30.36582, , , , ,,0, 
AAA,28,,3,5,18,8,46,-91.79117,30.36523,-91.79155,30.3659,-91.79136,30.365565,,0, 
AAA,29,,3,5,18,9,43,-91.99448,30.25995,-91.99373,30.25955,-91.99410499999999,30.25975,,0, 
AAA,30,,3,5,18,9,55,-91.99367,30.25968,-91.9926,30.25962,-91.993135,30.25965,,0, 
AAA,31,,3,5,18,10,11,-91.9859,30.25932,-91.98487,30.25933,-91.98538500000001,30.259324999999997,,0, 
AAA,32,,3,5,18,10,26,-91.98453,30.25908,-91.98485,30.25992,-91.98469,30.259500000000003,,0, 
AAA,33,AAA2018050301,3,5,18,12,18,-92.28423,30.80897,-92.28372,30.80842,-92.283975,30.808695,,3, 
AAA,34,,3,5,18,13,0,-92.28468,30.8106,-92.28413,30.81135,-92.28440499999999,30.810975,,0, 
AAA,35,,3,5,18,13,12,-92.28572,30.8127,-92.2865,30.81223,-92.28611000000001,30.812465,,0, 
AAA,36,,3,5,18,16,6,-92.1465,29.86373,-92.14722,29.86427,-92.14686,29.864,,0, 
AAA,37,,4,5,18,8,8,-91.78758,30.34422,-91.78748,30.34508,-91.78753,30.34465,,0, 
AAA,38,,4,5,18,8,24,-91.78818,30.34727,-91.34643,30.34643,-91.567305,30.346850000000003,,0, 
AAA,39,,4,5,18,9,4,-91.79018,30.32595,-91.79033,30.32513,-91.790255,30.32554,,0, 
AAA,40,,4,5,18,9,14,-91.78995,30.32345,-91.79015,30.32427,-91.79005000000001,30.32386,,0, 
AAA,41,,4,5,18,9,24,-91.78988,30.3219,-91.78993,30.3226,-91.789905,30.32225,,0, 
AAA,42,,4,5,18,9,42,-91.7893,30.31748, , , , ,,0, 
AAA,43,,4,5,18,9,54,-91.78565,30.31143,-91.7863,30.31175,-91.78597500000001,30.311590000000002,,0, 
AAA,44,,4,5,18,9,57,-91.78642,30.31203,-91.78722,30.31245,-91.78682,30.31224,,0, 
AAA,45,,4,5,18,13,23,-92.28308,30.80545,-92.28328,30.80608,-92.28318,30.805765,,0, 
AAA,46,AAA2018050402,4,5,18,13,45,-92.2848,30.80962,-92.28448,30.80885,-92.28464,30.809235,,1, 
AAA,47,,4,5,18,14,15,-92.28552,30.81253,-92.2864,30.81328,-92.28596,30.812905,,0, 
AAA,48,,4,5,18,14,36,-92.288,30.8168,-92.28712,30.81702,-92.28756,30.81691,,0, 
AAA,49,AAA2018050402,4,5,18,14,52,-92.28135,30.8175,-92.28248,30.81708,-92.281915,30.81729,,7,Ticks from this transect were divided into several tubes
AAA,49,AAA2018050403,4,5,18,14,52,-92.28135,30.8175,-92.28248,30.81708,-92.281915,30.81729,,1,Ticks from this transect were divided into several tubes
AAA,49,AAA2018050404,4,5,18,14,52,-92.28135,30.8175,-92.28248,30.81708,-92.281915,30.81729,,1,Ticks from this transect were divided into several tubes
AAA,50,,7,5,18,9,29,-92.2822,30.79038,-92.28252,30.79122,-92.28236000000001,30.790799999999997,,0, 
AAA,51,,7,5,18,9,36,-92.28327,30.7906,-92.2826,30.79123,-92.28293500000001,30.790915,,0, 
AAA,52,,7,5,18,10,3,-92.28128,30.80477,-92.28062,30.80512,-92.28094999999999,30.804945,,0, 
AAA,53,,7,5,18,10,25,-92.27517,30.80623,-92.27582,30.80667,-92.275495,30.806449999999998,,0, 
AAA,54,,7,5,18,10,47,-92.27518,30.81222,-92.27595,30.81172,-92.275565,30.811970000000002,,0, 
AAA,55,,7,5,18,11,5,-92.27628,30.80708,-92.27602,30.80653,-92.27615,30.806804999999997,,0, 
AAA,56,,7,5,18,11,25,-92.27798,30.80148,-92.27815,30.8016,-92.278065,30.801540000000003,,0, 
AAA,57,,7,5,18,11,43,-92.27797,30.79732,-92.27855,30.79668,-92.27825999999999,30.796999999999997,,0, 
AAA,58,,7,5,18,12,43,-92.27642,30.2668,-92.27715,30.79995,-92.276785,30.533375,,0, 
AAA,59,,7,5,18,13,6,-92.27767,30.80435,-92.27775,30.80513,-92.27771,30.80474,,0, 
AAA,60,,7,5,18,13,23,-92.28215,30.80517,-92.28297,30.80588,-92.28256,30.805525,,0, 
AAA,61,AAA2018050705,7,5,18,14,57,-92.28615,30.8135,-92.28545,30.81413,-92.2858,30.813814999999998,,2,Ticks from this transect where placed in the same tube as those from a transect three records down
AAA,62,,7,5,18,15,15,-92.28658,30.81752,-92.28558,30.81788,-92.28608,30.8177,,0, 
AAA,63,,7,5,18,15,39,-92.27862,30.8154,-92.27885,30.8161,-92.27873500000001,30.81575,,0, 
AAA,64,AAA2018050705,7,5,18,16,2,-92.28732,30.81748,-92.28808,30.81767,-92.2877,30.817574999999998,,2,"Merged with transect 61, same geographic location"
AAA,65,,7,5,18,16,21,-92.2901,30.82062,-92.29095,30.82073,-92.290525,30.820675,,0, 
AAA,66,,7,5,18,16,37,-92.29218,30.82615,-92.2917,30.827,-92.29194000000001,30.826575,,0, 
AAA,67,,7,5,18,16,53,-92.28785,30.8308,-92.28717,30.8312,-92.28751,30.831,,0, 
AAA,68,,8,5,18,9,11,-91.86892,30.08828,-91.86867,30.08747,-91.868795,30.087875,,0, 
AAA,69,,8,5,18,9,20,-91.86733,30.08558,-91.86807,30.085,-91.8677,30.08529,,0, 
AAA,70,AAA2018050706,8,5,18,9,28,-91.86582,30.08585,-91.86585,30.08673,-91.865835,30.086289999999998,,1, 
AAA,71,,8,5,18,9,54,-91.8702,30.0867,-91.87093,30.08725,-91.870565,30.086975000000002,,0, 
AAA,72,,8,5,18,10,0,-91.87112,30.0874,-91.87127,30.08678,-91.871195,30.08709,,0, 
AAA,73,,8,5,18,10,8,-91.87133,30.08657,-91.87092,30.08583,-91.871125,30.086199999999998,,0, 
AAA,74,,8,5,18,10,13,-91.8713,30.08492,-91.87097,30.0842,-91.87113500000001,30.08456,,0, 
AAA,75,,8,5,18,10,28,-91.87102,30.08368,-91.87163,30.08423,-91.871325,30.083955000000003,,0, 
AAA,76,,8,5,18,10,39,-91.86865,30.08742,-91.86935,30.08725,-91.869,30.087335000000003,,0, 
AAA,77,,8,5,18,10,57,-91.87003,30.08933,-91.8702,30.09015,-91.870115,30.08974,,0, 
AAA,78,,8,5,18,11,3,-91.87055,30.09045,-91.86985,30.0905,-91.8702,30.090474999999998,,0, 
AAA,79,,8,5,18,11,9,-91.8703,30.09125,-91.87037,30.09208,-91.870335,30.091665,,0, 
AAA,80,,8,5,18,11,15,-91.86985,30.09365,-91.86957,30.09445,-91.86971,30.09405,,0, 
AAA,81,,8,5,18,12,34,-91.98403,30.2589,-91.9831,30.25873,-91.983565,30.258815,,0, 
AAA,82,,8,5,18,12,47,-91.98228,30.25858,-91.98298,30.25867,-91.98263,30.258625,,0, 
AAA,83,,8,5,18,13,3,-91.9828,30.25975,-91.98252,30.26002,-91.98266,30.259885,,0, 
AAA,84,,8,5,18,13,7,-91.982,30.26072,-91.98192,30.26107,-91.98196,30.260894999999998,,0, 
AAA,85,,8,5,18,13,16,-91.98147,30.26182,-91.98113,30.26247,-91.9813,30.262145,,0, 
AAA,86,,8,5,18,13,26,-91.98232,30.26312,-91.98305,30.2633,-91.982685,30.26321,,0, 
AAA,87,,8,5,18,13,46,-91.98632,30.26352,-91.9866,30.26423,-91.98646,30.263875,,0, 
AAA,88,,8,5,18,13,58,-91.98848,30.26348,-91.98842,30.26275,-91.98845,30.263115,,0, 
AAA,89,,8,5,18,14,6,-91.99008,30.26188,-91.99078,30.26162,-91.99043,30.26175,,0, 
AAA,90,,8,5,18,14,20,-91.9939,30.26017,-91.99298,30.26005,-91.99343999999999,30.260109999999997,,0, 
AAA,91,,8,5,18,14,33,-91.9888,30.2602,-91.98917,30.26075,-91.988985,30.260475,,0, 
AAA,92,,8,5,18,14,42,-91.98812,30.25982,-91.98717,30.25987,-91.987645,30.259845,,0, 
AAA,93,,8,5,18,15,10,-91.98487,30.25987,-91.98518,30.26065,-91.98502500000001,30.26026,,0, 
AAA,94,,8,5,18,15,21,-91.98282,30.25977,-91.98245,30.26048,-91.982635,30.260125000000002,,0, 
AAA,95,,8,5,18,15,28,-91.98265,30.26167,-91.98235,30.2623,-91.9825,30.261985,,0, 
AAA,96,,8,5,18,15,43,-91.98705,30.26347,-91.9871,30.2626,-91.987075,30.263035000000002,,0, 
AAA,97,,9,5,18,9,38,-92.1499,29.86452,-92.1492,29.86488,-92.14955,29.8647,,0, 
AAA,98,,9,5,18,9,43,-92.14885,29.86502,-92.14815,29.86467,-92.1485,29.864845000000003,,0, 
AAA,99,,9,5,18,9,55,-92.14748,29.86343,-92.14695,29.86315,-92.147215,29.86329,,0, 
AAA,100,,9,5,18,10,7,-92.14877,29.86292,-92.14798,29.8631,-92.148375,29.86301,,0, 
AAA,101,,9,5,18,10,55,-92.14082,29.85997,-92.14062,29.85938,-92.14072,29.859675000000003,,0, 
AAA,102,,9,5,18,11,1,-92.13975,29.85978,-92.13933,29.8604,-92.13954000000001,29.86009,,0, 
AAA,103,,9,5,18,11,13,-92.1396,29.86027,-92.13997,29.85955,-92.139785,29.85991,,0, 
AAA,104,,9,5,18,11,29,-92.14058,29.86102, , , , ,,0, 
AAA,105,,9,5,18,14,9,-91.69265,30.21673,-91.69267,30.21765,-91.69266,30.21719,,0, 
AAA,106,,9,5,18,14,17,-91.69232,30.21545,-91.69242,30.21625,-91.69237,30.21585,,0, 
AAA,107,,9,5,18,14,26,-91.69233,30.21418,-91.69228,30.21335,-91.692305,30.213765,,0, 
AAA,108,,9,5,18,14,40,-91.69372,30.21742,-91.69388,30.21655,-91.6938,30.216985,,0, 
AAA,109,,9,5,18,15,11,-91.62893,30.1016,-91.62947,30.10247,-91.6292,30.102035,,0, 
AAA,110,,9,5,18,15,26,-91.62788,30.1,-91.62747,30.09937,-91.62767500000001,30.099685,,0, 
AAA,111,,9,5,18,15,34,-91.62825,30.10017,-91.62875,30.101,-91.6285,30.100585,,0, 
AAA,112,,9,5,18,15,47,-91.62843,30.10263,-91.62895,30.10325,-91.62869,30.10294,,0, 
AAA,113,,9,5,18,15,58,-91.62638,30.0993,-91.62608,30.09855,-91.62622999999999,30.098925,,0, 
AAA,114,,10,5,18,10,43,-92.27518,30.82853,-92.27583,30.8289,-92.27550500000001,30.828715000000003,,0, 
AAA,115,,10,5,18,10,57,-92.27438,30.82912,-92.27948,30.8295,-92.27693,30.82931,,0, 
AAA,116,,10,5,18,11,7,-92.275,30.83005,-92.27557,30.8305,-92.275285,30.830275,,0, 
AAA,117,,10,5,18,11,13,-92.2757,30.83098,-92.27602,30.83027,-92.27586,30.830624999999998,,0, 
AAA,118,,10,5,18,11,21,-92.27635,30.83025,-92.2769,30.8307,-92.276625,30.830475,,0, 
AAA,119,,10,5,18,11,27,-92.2771,30.83053,-92.27642,30.82997,-92.27676,30.83025,,0, 
AAA,120,,10,5,18,12,1,-92.27482,30.79113,-92.27388,30.79123,-92.27435,30.791179999999997,,0, 
AAA,121,,10,5,18,12,17,-92.27597,30.79213,-92.27655,30.79265,-92.27626000000001,30.792389999999997,,0, 
AAA,122,,10,5,18,12,24,-92.27665,30.79335,-92.2764,30.79398,-92.27652499999999,30.793665,,0, 
AAA,123,AAA2018051007,10,5,18,12,33,-92.27713,30.79337,-92.27688,30.7926,-92.277005,30.792985,,1, 
AAA,124,,10,5,18,12,56,-92.26888,30.79117,-92.26913,30.79068,-92.26900499999999,30.790925,,0, 
AAA,125,,10,5,18,13,4,-92.26857,30.79212,-92.2688,30.79143,-92.268685,30.791775,,0, 
AAA,126,,10,5,18,13,16,-92.26762,30.78637,-92.2668,30.78667,-92.26721,30.786520000000003,,0, 
AAA,127,,10,5,18,13,32,-92.26808,30.78628,-92.26812,30.78695,-92.2681,30.786615,,0, 
AAA,128,,10,5,18,13,48,-92.2703,30.78972,-92.27113,30.78977,-92.270715,30.789745,,0, 
AAA,129,,10,5,18,13,53,-92.27125,30.78998,-92.27035,30.78992,-92.2708,30.789949999999997,,0, 
AAA,130,,10,5,18,13,59,-92.27002,30.78927,-92.26935,30.78888,-92.26968500000001,30.789074999999997,,0, 
AAA,131,,10,5,18,14,5,-92.26968,30.789,-92.26978,30.78827,-92.26973,30.788635,,0, 
AAA,132,,10,5,18,14,9,-92.26988,30.78858,-92.27077,30.78868,-92.270325,30.788629999999998,,0, 
AAA,133,,10,5,18,14,17,-92.26905,30.78928,-92.26852,30.78987,-92.268785,30.789575,,0, 
AAA,134,,10,5,18,14,20,-92.26855,30.78987,-92.26823,30.7892,-92.26839000000001,30.789535,,0, 
AAA,135,,10,5,18,14,26,-92.26747,30.78925,-92.26838,30.78893,-92.26792499999999,30.78909,,0, 
AAA,136,,10,5,18,14,50,-92.26923,30.79128,-92.26973,30.79068,-92.26947999999999,30.790979999999998,,0, 
AAA,137,,10,5,18,15,5,-92.27005,30.7904,-92.27088,30.79057,-92.270465,30.790485,,0, 
AAA,138,,10,5,18,15,9,-92.27113,30.79048,-92.27038,30.79018,-92.27075500000001,30.790329999999997,,0, 
AAA,139,,10,5,18,15,29,-92.27152,30.79095,-92.27137,30.79165,-92.271445,30.7913,,0, 
AAA,140,,10,5,18,15,38,-92.27053,30.79122,-92.27057,30.79188,-92.27055,30.79155,,0, 
AAA,141,AAA2018051008,10,5,18,15,47,-92.27127,30.7926,-92.27035,30.79347,-92.27081,30.793035,,1, 
AAA,142,AAA2018051008,10,5,18,16,14,-92.2761,30.7919,-92.27573,30.79117,-92.275915,30.791535,,1, 
AAA,143,,10,5,18,16,17,-92.2756,30.79092,-92.27643,30.79107,-92.276015,30.790995000000002,,0, 
AAA,144,,11,5,18,9,48,-91.86927,30.08952,-91.86955,30.09032,-91.86941,30.08992,,0, 
AAA,145,,11,5,18,10,5,-91.86917,30.09473,-91.86827,30.09438,-91.86872,30.094555,,0, 
AAA,146,,11,5,18,10,14,-91.86472,30.0941,-91.86373,30.09413,-91.864225,30.094115000000002,,0, 
AAA,147,,11,5,18,10,23,-91.86035,30.09463,-91.86045,30.09545,-91.8604,30.095039999999997,,0, 
AAA,148,,11,5,18,10,29,-91.86033,30.09658,-91.86125,30.09675,-91.86079000000001,30.096665,,0, 
AAA,149,,11,5,18,10,35,-91.8627,30.09682,-91.86273,30.096,-91.86271500000001,30.09641,,0, 
AAA,150,,11,5,18,10,43,-91.86355,30.09438,-91.8649,30.09437,-91.864225,30.094375,,0, 
AAA,151,,11,5,18,10,48,-91.86588,30.09428,-91.86595,30.09512,-91.865915,30.094700000000003,,0, 
AAA,152,,11,5,18,11,8,-91.86762,30.09575,-91.86703,30.08372,-91.867325,30.089734999999997,,0, 
AAA,153,,11,5,18,11,13,-91.86667,30.09632,-91.86667,30.09557,-91.86667,30.095945,,0, 
AAA,154,,11,5,18,11,25,-91.8665,30.09772,-91.8656,30.09758,-91.86605,30.09765,,0, 
AAA,155,,11,5,18,11,33,-91.86748,30.098,-91.86835,30.09818,-91.86791500000001,30.09809,,0, 
AAA,156,,11,5,18,11,43,-91.86665,30.09765,-91.86665,30.09687,-91.86665,30.09726,,0, 
AAA,157,,11,5,18,11,50,-91.86835,30.09587,-91.86918,30.0963,-91.868765,30.096085000000002,,0, 
AAA,158,,11,5,18,11,55,-91.86983,30.09658,-91.87032,30.09592,-91.870075,30.096249999999998,,0, 
AAA,159,,11,5,18,12,1,-91.8709,30.09592,-91.87048,30.09525,-91.87069,30.095585,,0, 
AAA,160,,14,5,18,13,46,-92.47072,31.11285,-92.47022,31.11223,-92.47047,31.112540000000003,,0, 
AAA,161,,14,5,18,13,52,-92.47012,31.11198,-92.46957,31.11118,-92.46984499999999,31.11158,,0, 
AAA,162,,14,5,18,14,0,-92.46718,31.11212,-92.46662,31.11258,-92.46690000000001,31.11235,,0, 
AAA,163,,14,5,18,14,7,-92.46795,31.11378,-92.46878,31.1133,-92.468365,31.11354,,0, 
AAA,164,,14,5,18,14,47,-92.47003,31.11537,-92.47037,31.11452,-92.4702,31.114945,,0, 
AAA,165,AAA2018051409,14,5,18,15,3,-92.47078,31.11775,-92.47178,31.11798,-92.47128000000001,31.117865000000002,,1, 
AAA,166,,14,5,18,15,15,-92.47253,31.11847,-92.47165,31.11878,-92.47209000000001,31.118625,,0, 
AAA,167,,14,5,18,15,24,-92.47212,31.12105,-92.47127,31.12075,-92.47169500000001,31.1209,,0, 
AAA,168,AAA2018051409,14,5,18,15,33,-92.46977,31.12302,-92.46995,31.12393,-92.46986,31.123475,,1, 
AAA,169,,14,5,18,15,42,-92.47095,31.12283,-92.47037,31.1236,-92.47066000000001,31.123215000000002,,0, 
AAA,170,,14,5,18,15,50,-92.47048,31.12507,-92.46992,31.12452,-92.4702,31.124795,,0, 
AAA,171,,15,5,18,11,59,-92.01018,31.4616,-92.01025,31.46237,-92.010215,31.461985,,0, 
AAA,172,,15,5,18,12,9,-92.0102,31.46158,-92.00942,31.46168,-92.00981,31.46163,,0, 
AAA,173,,15,5,18,14,9,-91.9905,31.34743,-91.98962,31.34713,-91.99006,31.347279999999998,,0, 
AAA,174,,15,5,18,14,13,-91.98978,31.34643,-91.98912,31.34592,-91.98945,31.346175000000002,,0, 
AAA,175,,15,5,18,14,17,-91.98898,31.34568,-91.98995,31.34582,-91.989465,31.345750000000002,,0, 
AAA,176,,15,5,18,14,22,-91.9896,31.34673,-91.99035,31.34717,-91.989975,31.34695,,0, 
AAA,177,AAA2018051510,15,5,18,14,39, , , , , , ,,2,1 at home on body
AAA,178,,15,5,18,14,58,-91.99717,31.33847,-91.99648,31.33907,-91.996825,31.33877,,0, 
AAA,179,,15,5,18,15,9,-91.99438,31.34082,-91.98372,31.34027,-91.98905,31.340545,,0, 
AAA,180,,15,5,18,15,22,-91.99512,31.34007,-91.99578,31.33968,-91.99545,31.339875,,0, 
AAA,181,,15,5,18,15,28,-91.9971,31.33945,-91.9979,31.33952,-91.9975,31.339485,,0, 
AAA,182,,16,5,18,13,42,-93.43935,31.0134,-93.4401,31.00678,-93.43972500000001,31.010089999999998,,0, 
AAA,183,,16,5,18,13,47,-93.43915,31.01332,-93.43815,31.01345,-93.43865,31.013385,,0, 
AAA,184,,16,5,18,13,53,-93.43928,31.01332,-93.43977,31.01257,-93.439525,31.012945000000002,,0, 
AAA,185,,16,5,18,13,59,-93.4392,31.01172,-93.43855,31.01157,-93.438875,31.011645,,0, 
AAA,186,,16,5,18,14,22,-93.43505,31.01008,-93.43432,31.00982,-93.434685,31.00995,,0, 
AAA,187,,16,5,18,14,49,-93.42402,31.02292,-93.42482,31.02333,-93.42442,31.023125,,0, 
AAA,188,,16,5,18,14,56,-93.42387,31.02243,-93.42435,31.02188,-93.42411,31.022154999999998,,0, 
AAA,189,,16,5,18,15,5,-93.42387,31.02313,-93.42358,31.0238,-93.42372499999999,31.023465,,0, 
AAA,190,,16,5,18,15,9,-93.42352,31.0237,-93.42295,31.02372,-93.423235,31.02371,,0, 
AAA,191,,16,5,18,15,23,-93.4161,31.02122,-93.41573,31.022,-93.415915,31.02161,,0, 
AAA,192,,16,5,18,15,28,-93.41607,31.02267,-93.41595,31.02343,-93.41601,31.02305,,0, 
AAA,193,,16,5,18,15,35,-93.41612,31.02108,-93.41515,31.0213,-93.41563500000001,31.02119,,0, 
AAA,194,,16,5,18,15,40,-93.41518,31.02125,-93.41462,31.02198,-93.4149,31.021614999999997,,0, 
AAA,195,,16,5,18,15,43,-93.41462,31.022,-93.41598,31.02253,-93.4153,31.022264999999997,,0, 
AAA,196,,17,5,18,11,55,-91.96055,31.09202,-91.95952,31.09265,-91.960035,31.092335,,0, 
AAA,197,,17,5,18,12,3,-91.9594,31.09253,-91.95977,31.09187,-91.959585,31.0922,,0, 
AAA,198,,17,5,18,12,12,-91.95828,31.09175,-91.95877,31.0911,-91.95852500000001,31.091425,,0, 
AAA,199,,17,5,18,12,21,-91.95658,31.09002,-91.95628,31.09072,-91.95643000000001,31.09037,,0, 
AAA,200,,17,5,18,13,32,-92.02267,31.11963,-92.02277,31.11887,-92.02271999999999,31.11925,,0, 
AAA,201,,17,5,18,13,40,-92.02248,31.1187,-92.02265,31.11797,-92.022565,31.118335000000002,,0, 
AAA,202,,17,5,18,13,46,-92.0231,31.1182,-92.0231,31.1175,-92.0231,31.11785,,0, 
AAA,203,,17,5,18,13,58,-92.02293,31.11538,-92.02205,31.11538,-92.02249,31.11538,,0, 
AAA,204,,17,5,18,14,36,-92.02177,31.1209,-92.02128,31.1203,-92.021525,31.1206,,0, 
AAA,205,,17,5,18,15,1,-92.01208,31.1207,-92.01272,31.1202,-92.0124,31.120449999999998,,0, 
AAA,206,,17,5,18,15,7,-92.0131,31.12042,-92.01273,31.1202,-92.01291499999999,31.12031,,0, 
AAA,207,,17,5,18,15,15,-92.01265,31.11952,-92.01335,31.11997,-92.013,31.119745,,0, 
AAA,208,,19,5,18,9,8,-91.86583,30.08585,-91.86585,30.08663,-91.86583999999999,30.08624,,0, 
AAA,209,,19,5,18,9,12,-91.86585,30.08663,-91.86583,30.08757,-91.86583999999999,30.0871,,0, 
AAA,210,,19,5,18,9,16,-91.86583,30.08757,-91.86583,30.08842,-91.86583,30.087995,,0, 
AAA,211,,19,5,18,9,20,-91.86583,30.08842,-91.86583,30.08932,-91.86583,30.08887,,0, 
AAA,212,,19,5,18,9,24,-91.8658,30.0895,-91.8657,30.09033,-91.86574999999999,30.089915,,0, 
AAA,213,,19,5,18,9,28,-91.8657,30.09033,-91.86577,30.0911,-91.865735,30.090715000000003,,0, 
AAA,214,,19,5,18,9,43,-91.86578,30.0911,-91.86582,30.09193,-91.86580000000001,30.091515,,0, 
AAA,215,,19,5,18,9,48,-91.86582,30.09193,-91.8659,30.09275,-91.86586,30.09234,,0, 
AAA,216,,19,5,18,9,53,-91.8659,30.09272,-91.86572,30.09347,-91.86581,30.093094999999998,,0, 
AAA,217,,19,5,18,9,56,-91.86572,30.09347,-91.86682,30.09383,-91.86627,30.09365,,0, 
AAA,218,,19,5,18,9,57,-91.86682,30.09382,-91.86767,30.09415,-91.867245,30.093985,,0, 
AAA,219,,19,5,18,10,0,-91.86767,30.09415,-91.86857,30.09452,-91.86812,30.094335,,0, 
AAA,220,,19,5,18,10,5,-91.86957,30.09488,-91.87043,30.09523,-91.87,30.095055000000002,,0, 
AAA,221,,19,5,18,10,26,-91.87155,30.09665,-91.87097,30.09603,-91.87126,30.096339999999998,,0, 
AAA,222,,19,5,18,10,42,-91.87075,30.0912,-91.87067,30.09017,-91.87071,30.090685,,0, 
AAA,223,,19,5,18,10,47,-91.87053,30.08882,-91.86965,30.08882,-91.87009,30.08882,,0, 
AAA,224,,21,5,18,13,5,-91.98768,30.65962,-91.98692,30.65918,-91.9873,30.659399999999998,,0, 
AAA,225,,21,5,18,13,14,-91.98798,30.65993,-91.98788,30.65913,-91.98793,30.65953,,0, 
AAA,226,,21,5,18,14,29,-91.95985,30.6447,-91.9602,30.64552,-91.960025,30.645110000000003,,0, 
AAA,227,,21,5,18,14,37,-91.96072,30.64645,-91.96118,30.64568,-91.96095,30.646065,,0, 
AAA,228,,21,5,18,14,40,-91.96148,30.645,-91.96233,30.6439,-91.961905,30.64445,,0, 
AAA,229,,21,5,18,14,48,-91.96373,30.64242,-91.9647,30.64192,-91.964215,30.64217,,0, 
AAA,230,,21,5,18,14,52,-91.96485,30.64178,-91.9651,30.64095,-91.96497500000001,30.641365,,0, 
AAA,231,,21,5,18,15,21,-91.95068,30.64682,-91.96103,30.64765,-91.955855,30.647235000000002,,0, 
AAA,232,AAA2018xxxx11,xx,xx,18,xx,xx, , , , , , ,,2,Recovered from body but no date recorded
AAA,233,,25,5,18,11,6,-92.47112,31.11783,-92.47225,31.11738,-92.47168500000001,31.117605,, , 
AAA,234,,25,5,18,11,13,-92.47317,31.11842,-92.4741,31.11803,-92.473635,31.118225000000002,, , 
AAA,235,,25,5,18,11,21,-92.47525,31.11545,-92.47522,31.11458,-92.475235,31.115015,, , 
AAA,236,,25,5,18,11,29,-92.47662,31.11265,-92.47685,31.1134,-92.47673499999999,31.113025,, , 
AAA,237,,25,5,18,11,36,-92.47842,31.11608,-92.47832,31.117,-92.47837,31.11654,, , 
AAA,238,,25,5,18,11,48,-92.47855,31.12148,-92.47825,31.12243,-92.4784,31.121955,, , 
AAA,239,,25,5,18,11,53,-92.47863,31.12323,-92.4793,31.1228,-92.47896499999999,31.123015000000002,, , 
AAA,240,,25,5,18,11,57,-92.47918,31.1228,-92.47897,31.12265,-92.479075,31.122725000000003,, , 
AAA,241,,25,5,18,12,1,-92.47902,31.12232,-92.47905,31.12162,-92.47903500000001,31.121969999999997,, , 
AAA,242,,25,5,18,12,7,-92.47797,31.12283,-92.47708,31.1231,-92.477525,31.122965,, , 
AAA,243,AAA2018052512,25,5,18,12,17,-92.4727,31.12243,-92.47178,31.12213,-92.47224,31.12228,,2, 
AAA,244,,25,5,18,12,28,-92.47245,31.12277,-92.47237,31.12365,-92.47241,31.12321,, , 
AAA,245,,29,5,18,14,30,-92.85458,30.8355,-92.85558,30.83525,-92.85508,30.835375,, , 
AAA,246,,29,5,18,14,37,-92.85522,30.83372,-92.8554,30.83293,-92.85531,30.833325000000002,, , 
AAA,247,,29,5,18,14,45,-92.85592,30.83245,-92.85703,30.83238,-92.85647499999999,30.832415,, , 
AAA,248,,29,5,18,14,56,-92.85807,30.83195,-92.85808,30.83105,-92.858075,30.8315,, , 
AAA,249,,29,5,18,15,4,-92.85767,30.82858,-92.85652,30.82858,-92.857095,30.82858,, , 
AAA,250,,29,5,18,15,12,-92.85362,30.82857,-92.85367,30.82767,-92.853645,30.82812,, , 
AAA,251,,29,5,18,15,23,-92.85083,30.82868,-92.85058,30.82948,-92.850705,30.829079999999998,, , 
AAA,252,,29,5,18,15,32,-92.85058,30.83262,-92.83258,30.83258,-92.84158,30.8326,, , 
AAA,253,,29,5,18,15,38,-92.85027,30.83255,-92.84928,30.8326,-92.849775,30.832575,, , 
AAA,254,,29,5,18,15,42,-92.84955,30.83293,-92.84953,30.83372,-92.84953999999999,30.833325000000002,, , 
AAA,255,,29,5,18,15,49,-92.84975,30.8358,-92.8508,30.83578,-92.85027500000001,30.83579,, , 
AAA,256,,30,5,18,13,42,-92.57943,31.08463,-92.5798,31.08382,-92.579615,31.084225,, , 
AAA,257,,30,5,18,13,46,-92.57908,31.08388,-92.57937,31.08455,-92.57922500000001,31.084215,, , 
AAA,258,,30,5,18,14,7,-92.57268,31.0817,-92.57307,31.0809,-92.57287500000001,31.0813,, , 
AAA,259,,30,5,18,14,25,-92.56577,31.09168,-92.56577,31.09255,-92.56577,31.092115,, , 
AAA,260,,30,5,18,14,43,-92.56707,31.10002,-92.56653,31.10077,-92.5668,31.100395,, , 
AAA,261,,30,5,18,14,56,-92.57017,31.1022,-92.57098,31.10163,-92.570575,31.101914999999998,, , 
AAA,262,,31,5,18,14,10,-92.59367,31.72338,-92.59418,31.72438,-92.593925,31.72388,, , 
AAA,263,AAA2018053113,31,5,18,14,25,-92.59287,31.72367,-92.5938,31.72383,-92.593335,31.72375,,1, 
AAA,264,,31,5,18,14,32,-92.59452,31.72493,-92.59458,31.72542,-92.59455,31.725175,, , 
AAA,265,,31,5,18,14,46,-92.5951,31.72677,-92.59467,31.72757,-92.594885,31.72717,, , 
AAA,266,,31,5,18,14,57,-92.59452,31.72795,-92.59413,31.7288,-92.594325,31.728375,, , 
AAA,267,AAA2018053114,31,5,18,15,25,-92.60762,31.72457,-92.60775,31.72527,-92.607685,31.724919999999997,,4, 
AAA,268,,31,5,18,15,50,-92.60875,31.71965,-92.60788,31.72018,-92.608315,31.719915,, , 
AAA,269,,1,6,18,12,22,-92.4435,31.51113,-92.44425,31.5119,-92.44387499999999,31.511515000000003,, , 
AAA,270,AAA2018060115,1,6,18,12,37,-92.44277,31.51135,-92.44268,31.5113,-92.442725,31.511325,,1, 
AAA,271,,1,6,18,12,49,-92.44125,31.50918,-92.44318,31.50865,-92.442215,31.508915000000002,, , 
AAA,272,,1,6,18,13,20,-92.43933,31.51188,-92.44037,31.51153,-92.43985,31.511705,, , 
AAA,273,,1,6,18,13,25,-92.43542,31.51147,-92.43832,31.5119,-92.43687,31.511685,, , 
AAA,274,,1,6,18,13,35,-92.43423,31.51382,-92.43462,31.51427,-92.434425,31.514045,, , 
AAA,275,,1,6,18,13,39,-92.4482,31.51453,-92.43327,31.51497,-92.44073499999999,31.51475,, , 
AAA,276,,1,6,18,14,4,-92.43153,31.51657,-92.43078,31.50065,-92.43115499999999,31.50861,, , 
AAA,277,AAA2018060116,1,6,18,15,34, , , , , , ,,1, 
AAA,278,,6,6,18,17,11,-92.14525,29.86292,-92.14562,29.86373,-92.14543499999999,29.863325,, , 
AAA,279,AAA2018060717,7,6,18,11,13,-92.28692,30.83102,-92.28605,30.83057,-92.286485,30.830795000000002,,3, 
AAA,280,AAA2018060717,7,6,18,11,24,-92.28502,30.81773,-92.28472,30.83193,-92.28487,30.82483,,1, 
AAA,281,AAA2018060717,7,6,18,11,41,-92.28385,30.81773,-92.2833,30.83502,-92.283575,30.826375,,1, 
AAA,282,,7,6,18,11,58,-92.30042,30.83785,-92.28463,-91.71618,-92.29252500000001,-30.439164999999996,, , 
AAA,283,AAA2018060717,7,6,18,12,36,-92.28062,30.83952,-92.28098,30.84007,-92.2808,30.839795000000002,,1, 
AAA,284,,7,6,18,12,58,-92.27963,30.84002,-92.279,30.83993,-92.279315,30.839975,, , 
AAA,285,,7,6,18,13,11,-92.2764,30.83822,-92.27552,30.83773,-92.27596,30.837975,, , 
AAA,286,AAA2018060718,7,6,18,13,28,-92.2742,30.83455,-92.27483,30.83392,-92.274515,30.834235,,1, 
AAA,287,,7,6,18,13,53,-92.27028,30.82933,-92.26975,30.82853,-92.270015,30.82893,, , 
AAA,289,AAA2018060718,7,6,18,14,12, , , , , , ,,1, 
AAA,290,,7,6,18,14,31,-92.26737,30.25513,-92.2676,30.821,-92.267485,30.538065000000003,, , 
AAA,292,,11,6,18,10,40,-91.98688,30.25828,-91.986,30.25815,-91.98644,30.258215,, , 
AAA,293,,11,6,18,10,47,-91.98567,30.25803,-91.98508,30.25755,-91.985375,30.25779,, , 
AAA,294,,11,6,18,10,52,-92.98373,30.25688,-92.98445,30.25723,-92.98409,30.257055,, , 
AAA,295,,11,6,18,11,0,-91.98535,30.25807,-91.98487,30.2586,-91.98510999999999,30.258335000000002,, , 
AAA,296,,11,6,18,11,7,-91.98517,30.25848,-91.98585,30.25852,-91.98551,30.258499999999998,, , 
AAA,297,,11,6,18,11,11,-91.98697,30.25857,-91.98608,30.25855,-91.986525,30.25856,, , 
AAA,298,,11,6,18,11,30,-91.99513,30.25978,-91.99435,30.25928,-91.99474000000001,30.259529999999998,, , 
AAA,299,,11,6,18,11,34,-91.99438,30.25918,-91.99338,30.25913,-91.99388,30.259155,, , 
AAA,300,,11,6,18,11,38,-91.99337,30.25927,-91.99232,30.2592,-91.992845,30.259235,, , 
AAA,301,,11,6,18,11,41,-91.99232,30.25917, , , , ,, , 
AAA,302,,14,6,18,15,39,-91.98803,30.25888,-91.98898,30.25897,-91.988505,30.258925,, , 
AAA,303,,14,6,18, , ,-91.98892,30.25803,-91.98953,30.2585,-91.989225,30.258265,, , 
AAA,304,,14,6,18, , ,-91.99022,30.2579,-91.99077,30.25848,-91.990495,30.25819,, , 
AAA,305,,14,6,18, , ,-91.98797,30.2579,90.01113,30.25753,-0.988420000000005,30.257714999999997,, , 
AAA,306,,15,6,18,11,37,-92.00107,30.64432,-92.00185,30.64358,-92.00146000000001,30.64395,, , 
AAA,307,,15,6,18,11,47,-92.00277,30.64333,-92.00393,30.64307,-92.00335,30.6432,, , 
AAA,308,,15,6,18,11,55,-92.00495,30.64285,-92.00602,30.64238,-92.005485,30.642615,, , 
AAA,309,,15,6,18,12,37,-92.00058,30.62903,-92.01635,30.64618,-92.008465,30.637605,, , 
AAA,310,,15,6,18,12,43,-92.01553,30.6299,-92.0145,30.64653,-92.015015,30.638215,, , 
AAA,311,,15,6,18,12,48,-92.01353,30.63007,-92.0123,30.6469,-92.01291499999999,30.638485,, , 
AAA,312,,15,6,18,12,54,-92.01135,30.63043,-92.01022,30.63043,-92.010785,30.63043,, , 
AAA,313,,15,6,18,13,0,-92.00987,30.63118,-92.00973,30.63208,-92.00980000000001,30.63163,, , 
AAA,314,,15,6,18,13,8,-92.00952,30.63302,-92.00948,30.61733,-92.0095,30.625175,, , 
AAA,315,,15,6,18,13,13,-92.0094,30.61822,-92.0094,30.61917,-92.0094,30.618695000000002,, , 
AAA,316,,15,6,18,13,44,-92.00297,30.62572,-92.00198,30.62528,-92.002475,30.625500000000002,, , 
AAA,317,,18,6,18,13,55,-92.03158,31.50903,-92.032,31.50835,-92.03179,31.50869,, , 
AAA,318,,18,6,18,14,9,-92.03242,31.50695,-92.03195,31.50762,-92.032185,31.507285,, , 
AAA,319,,18,6,18,14,21,-92.03097,31.50943,-92.03013,31.51008,-92.03055,31.509755,, , 
AAA,320,,18,6,18,14,29,-92.02978,31.51055,-92.03023,31.51023,-92.030005,31.51039,, , 
AAA,321,,18,6,18,14,39,-92.03135,31.5092,-92.0318,31.50992,-92.031575,31.50956,, , 
AAA,322,,18,6,18,15,10,-92.01862,31.51347,-92.01805,31.51417,-92.01833500000001,31.513820000000003,, , 
AAA,323,,18,6,18,15,28,-92.01827,31.51507,-92.01897,31.51523,-92.01862,31.51515,, , 
AAA,324,,18,6,18,15,39,-92.01948,31.51627,-92.02053,31.51652,-92.020005,31.516395,, , 
AAA,325,,20,6,18,13,51,-92.3686,31.44987,-92.36965,31.44987,-92.369125,31.44987,, , 
AAA,326,,20,6,18,14,0,-92.37273,31.45043,-92.37272,31.45137,-92.372725,31.4509,, , 
AAA,327,,20,6,18,14,6,-92.37272,31.45288, ,31.45392, ,31.453400000000002,, , 
AAA,328,,20,6,18,14,24,-92.36782,31.45768,-92.36697,31.4585,-92.36739499999999,31.45809,, , 
AAA,329,,20,6,18,14,36,-92.38212,31.46547, ,31.4585, ,31.461985,, , 
AAA,330,,20,6,18,14,41,-92.38212,31.45758,-92.38322,31.45768,-92.38266999999999,31.45763,, , 
AAA,331,,20,6,18,15,2,-92.372,31.45822, ,31.45753, ,31.457875,, , 
AAA,332,,21,6,18,13,24,-92.36468,31.46068,-92.36392,31.46032,-92.3643,31.4605,, , 
AAA,333,,21,6,18,14,1,-455.3,31.4593,-454.51667,31.45865,-454.90833499999997,31.458975,, , 
AAA,334,AAA2018062120,21,6,18,14,18,-92.36163,31.4584,-92.36053,31.4584,-92.36108,31.4584,,1, 
AAA,335,AAA2018062120,21,6,18,14,27,-92.35988,31.45713,-92.35902,31.45745,-92.35945000000001,31.45729,,1, 
AAA,336,,21,6,18,14,40,-92.35822,31.4584,-92.35898,31.45913,-92.3586,31.458765,, , 
AAA,337,,21,6,18,14,48,-92.3588,31.45955,-92.35803,31.45905,-92.35841500000001,31.4593,, , 
AAA,338,,21,6,18,15,10,-92.3568,31.46178,-92.35593,31.46182,-92.35636500000001,31.4618,, , 
AAA,339,,26,6,18,11,24,-92.73997,30.74712,-92.74005,30.74623,-92.74001,30.746675,, , 
AAA,340,,26,6,18,11,32,-92.74043,30.74545,-92.74112,30.74598,-92.740775,30.745715,, , 
AAA,341,,26,6,18,11,50,-92.73933,30.7461,-92.73913,30.74685,-92.73922999999999,30.746474999999997,, , 
AAA,342,,26,6,18,12,41,-92.70218,30.81753,-92.70237,30.81837,-92.702275,30.817950000000003,, , 
AAA,343,,26,6,18,12,49,-92.70242,30.81945,-92.70243,30.82117,-92.702425,30.82031,, , 
AAA,344,,26,6,18,12,58,-92.70285,30.8232,-92.70352,30.82398,-92.70318499999999,30.82359,, , 
AAA,345,,26,6,18,13,35,-92.7196,30.8278,-92.72055,30.82728,-92.72007500000001,30.82754,, , 
AAA,346,,26,6,18,13,49,-92.72132,30.82908,-92.7213,30.82155,-92.72131,30.825315,, , 
AAA,347,,26,6,18,13,54,-92.72152,30.8205,-92.72053,30.81995,-92.721025,30.820225,, , 
AAA,348,,26,6,18,14,19,-92.71453,30.81713,-92.71365,30.81725,-92.71409,30.81719,, , 
AAA,349,,26,6,18,15,57,-92.82658,30.82032,-92.8256,30.82013,-92.82609,30.820225,, , 
AAA,350,,26,6,18,16,3,-92.82713,30.82047,-92.82772,30.81993,-92.827425,30.8202,, , 
AAA,351,,26,6,18,16,15,-92.8291,30.8191,-92.82868,30.81868,-92.82889,30.81889,, , 
AAA,352,,27,6,18,14,28,-91.87017,30.08663,-91.87092,30.08602,-91.87054499999999,30.086325000000002,, , 
AAA,353,,27,6,18,14,33,-91.88092,30.08602,-91.87108,30.08518,-91.876,30.0856,, , 
AAA,354,,27,6,18,14,43,-91.87108,30.08402,-91.87175,30.08473,-91.87141500000001,30.084375,, , 
AAA,355,,27,6,18,14,53,-91.87117,30.08508,-91.87075,30.08427,-91.87096,30.084675,, , 
AAA,356,,27,6,18,14,56,-91.87075,30.08427,-91.8703,30.08347,-91.870525,30.083869999999997,, , 
AAA,357,,27,6,18,15,0,-91.86695,30.08363,-91.86973,30.08482,-91.86834,30.084225,, , 
AAA,358,,27,6,18,15,3,-91.86973,30.08333,-91.86933,30.08423,-91.86953,30.08378,, , 
AAA,359,,27,6,18,15,9,-91.86922,30.08442,-91.86985,30.08518,-91.869535,30.0848,, , 
AAA,360,,27,6,18,15,31,-91.86985,30.08518,-91.87012,30.08593,-91.869985,30.085555,, , 
AAA,361,,28,6,18,10,47,-92.26733,30.81267,-92.26693,30.8134,-92.26713000000001,30.813035,, , 
AAA,362,,28,6,18,10,53,-92.26633,30.8015,-92.26617,30.81398,-92.26625,30.807740000000003,, , 
AAA,363,,28,6,18,11,21,-92.2665,30.8168,-92.26568,30.81633,-92.26608999999999,30.816565,, , 
AAA,364,,28,6,18,11,38,-92.26453,30.81558,-92.26388,30.81512,-92.264205,30.815350000000002,, , 
AAA,365,,28,6,18,11,44,-92.26275,30.77927,-92.26173,30.81228,-92.26223999999999,30.795775,, , 
AAA,366,,28,6,18,12,0,-92.26208,30.80802,-92.26265,30.80718,-92.26236499999999,30.8076,, , 
AAA,367,,28,6,18,12,33,-92.26477,30.80435,-92.26433, ,-92.26455, ,, , 
AAA,368,,28,6,18,13,5,-92.26313,30.8151,-92.26385,30.81495,-92.26349,30.815025,, , 
AAA,369,,28,6,18,13,16,-92.26378,30.81283,-92.26307,30.8122,-92.263425,30.812515,, , 
AAA,370,,28,6,18,13,26,-92.26133,30.8013,-92.26122,30.81122,-92.261275,30.80626,, , 
AAA,371,,28,6,18,13,56,-92.25947,30.75695,-92.25885,30.80623,-92.25916,30.78159,, , 
AAA,372,,28,6,18,15,10,-92.26215,30.7741,-92.26178,30.77457,-92.261965,30.774335,, , 
AAA,373,,28,6,18,15,26,-92.25745,30.77713,-92.25678,30.77762,-92.257115,30.777375,, , 
AAA,374,,2,7,18,14,28,-92.90472,32.08352,-92.90503,32.08273,-92.904875,32.083124999999995,, , 
AAA,375,,2,7,18,14,35,-92.90495,32.08262,-92.90435,32.08192,-92.90465,32.082269999999994,, , 
AAA,376,,2,7,18,14,37,-92.90432,32.08195,-92.90463,32.08113,-92.90447499999999,32.081540000000004,, , 
AAA,377,,2,7,18,14,41,-92.9055,32.0808,-92.90637,32.08103,-92.905935,32.080915000000005,, , 
AAA,378,AAA2018070221,2,7,18,14,49,-92.90952,32.08195,-92.90892,32.0813,-92.90922,32.081625,,2, 
AAA,379,,2,7,18,14,57,-92.90878,32.08133,-92.91368,32.07542,-92.91122999999999,32.078375,, , 
AAA,380,,2,7,18,15,3,-92.91,32.08015,-92.91025,32.07917,-92.910125,32.079660000000004,, , 
AAA,381,,2,7,18,15,8,-92.91018,32.07825,-92.90938,32.07817,-92.90978,32.07821,, , 
AAA,382,AAA2018070221,2,7,18,15,13,-92.90782,32.07825, ,32.07753, ,32.07789,,1, 
AAA,383,AAA20180702,2,7,18,15,20,-92.90878,32.07675,-92.90805,32.0763,-92.90841499999999,32.076525000000004,,xx,TAPE OF YOUNG TICKS
AAA,384,,3,7,18,12,54,-92.77835,31.90082,-92.77663,31.90078,-92.77749,31.9008,, , 
AAA,385,,3,7,18,13,1,-92.77662,31.90078,-92.77598,31.90143,-92.77629999999999,31.901105,, , 
AAA,386,AAA2018070322,3,7,18,13,7,-92.77483,31.9012,-92.7745,31.90038,-92.774665,31.90079,,1, 
AAA,387,,3,7,18,13,13,-92.77408,31.89987,-92.77343,31.8994,-92.773755,31.899635,, , 
AAA,388,,3,7,18,13,24,-92.773929999999993,31.8968,-92.77507,31.89662,-92.77449999999999,31.89671,, , 
AAA,389,,3,7,18,13,33,-92.7768,31.8976,-92.77753,31.89728,-92.777165,31.89744,, , 
AAA,390,,3,7,18,14,6,-92.776,31.89907,-92.77505,31.89915,-92.77552499999999,31.89911,, , 
AAA,391,,3,7,18,14,16,-92.77488,31.89868,-92.77547,31.89872,-92.77517499999999,31.898699999999998,, , 
AAA,392,,17,7,18,13,56,-92.81293,30.8177,-92.8177,30.8177,-92.815315,30.8177,, , 
AAA,393,,17,7,18,14,7,-92.81423,30.81778,-92.81778,30.81783,-92.81600499999999,30.817805,, , 
AAA,394,,17,7,18,14,11,-92.81523,30.81728,-92.81728,30.81653,-92.816255,30.816905,, , 
AAA,395,,17,7,18,14,19,-92.8152,30.81558,-92.81558,30.81507,-92.81539000000001,30.815325,, , 
AAA,396,,17,7,18,14,22,-92.79475,30.81328,-92.81328,30.81357,-92.80401499999999,30.813425,, , 
AAA,397,,17,7,18,16,6,-92.79573,30.80217,-92.81493,30.80228,-92.80533,30.802225,, , 
AAA,398,,18,7,18,12,4,-92.01402,31.11932,-92.01493,31.11958,-92.014475,31.11945,, , 
AAA,399,,18,7,18,12,11,-92.01493,31.11958,-92.01508,31.1204,-92.015005,31.11999,, , 
AAA,400,,18,7,18,12,14,-92.01508,31.1204,-92.01517,31.12105,-92.015125,31.120725,, , 
AAA,401,,18,7,18,12,17,-92.01527,31.12103,-92.01597,31.1211,-92.01562,31.121065,, , 
AAA,402,,18,7,18,12,20,-92.01573,31.12088,-92.01573,31.12008,-92.01573,31.12048,, , 
AAA,403,,18,7,18,12,23,-92.01573,31.12008,-92.01555,31.1193,-92.01564,31.11969,, , 
AAA,404,,18,7,18,12,26,-92.01557,31.11918,-92.01527,31.11862,-92.01542,31.1189,, , 
AAA,405,,18,7,18,12,28,-92.01527,31.11863,-92.01517,31.11802,-92.01522,31.118325,, , 
AAA,406,,18,7,18,12,31,-92.01517,31.11802,-92.01432,31.1183,-92.014745,31.118160000000003,, , 
AAA,407,,18,7,18,12,34,-92.01432,31.1183,-92.01392,31.11885,-92.01411999999999,31.118575,, , 
AAA,408,,18,7,18,15,11,-92.97902,31.10905,-92.9786,31.10833,-92.97881000000001,31.10869,, , 
AAA,409,,18,7,18,15,13,-92.9786,31.10833,-92.97823,31.10752,-92.978415,31.107925,, , 
AAA,410,,18,7,18,15,15,-92.97823,31.10752,-92.97777,31.10665,-92.97800000000001,31.107084999999998,, , 
AAA,411,,18,7,18,15,17,-92.97777,31.10665,-92.9769,31.10618,-92.97733500000001,31.106415,, , 
AAA,412,,18,7,18,15,23,-92.97632,31.10492,-92.9758,31.1043,-92.97606,31.10461,, , 
AAA,413,,18,7,18,15,41,-92.97097,31.09832,-92.97038,31.09763,-92.970675,31.097974999999998,, , 
AAA,414,,19,7,18,11,8,-92.54735,31.07355,-92.5473,31.0744,-92.547325,31.073975,, , 
AAA,415,,19,7,18,11,14,-92.5473,31.0744,-92.54657,31.07408,-92.546935,31.07424,, , 
AAA,416,,19,7,18,11,21,-92.54752,31.07337,-92.54852,31.07337,-92.54802000000001,31.07337,, , 
AAA,417,,19,7,18,14,3,-92.53578,31.05148,-92.53605,31.05077,-92.535915,31.051125,, , 
AAA,418,,19,7,18,14,6,-92.40842,31.05885,-92.40937,31.05573,-92.408895,31.057290000000002,, , 
AAA,419,,19,7,18,15,4,-92.45702,31.05098,-92.45652,31.05168,-92.45677,31.05133,, , 
AAA,420,,19,7,18,15,13,-92.45848,31.04852,-92.4593,31.03355,-92.45889,31.041035,, , 
AAA,421,,23,7,18,12,30,-92.3776,31.42018,-92.37883,31.42002,-92.378215,31.420099999999998,, , 
AAA,422,,23,7,18,12,35,-92.37957,31.42007,-92.37843,31.42037,-92.37899999999999,31.42022,, , 
AAA,423,,23,7,18,12,39,-92.37833,31.42045,-92.37772,31.4212,-92.37802500000001,31.420825,, , 
AAA,424,,23,7,18,12,42,-92.37782,31.42128,-92.37755, ,-92.377685, ,, , 
AAA,425,,23,7,18,12,45,-92.37752,31.4222,-92.3774,31.42332,-92.37746,31.42276,, , 
AAA,426,,23,7,18,12,49,-92.3774,31.4233,-92.37698,31.42408,-92.37719,31.42369,, , 
AAA,427,,23,7,18,15,46,-92.9078,32.07625,-92.90727,32.07577,-92.907535,32.07601,, , 
AAA,428,,23,7,18,15,56,-92.90748,31.42605, , , , ,, , 
AAA,429,,23,7,18,15,59,-92.90773,31.4261, , , , ,, , 
AAA,430,AAA2018072323,23,7,18,16,5,-92.90775,32.07608,-92.90827,32.07665,-92.90800999999999,32.076364999999996,,1, 
AAA,431,,24,7,18,14,29,-92.99395,31.4758,-92.99377,31.47655,-92.99386,31.476174999999998,, , 
AAA,432,,24,7,18,14,33,-92.9941,31.47693,-92.99373,31.47777,-92.993915,31.47735,, , 
AAA,433,,24,7,18,14,47,-92.99303,31.47777,-92.99242,31.47842,-92.99272500000001,31.478095,, , 
AAA,434,AAA2018072424,24,7,18,14,54,-92.99388,31.47927,-92.99462,31.4788,-92.99425,31.479035,,1, 
AAA,435,,24,7,18,15,15,-92.99582,31.47975,-92.99618,31.48048,-92.996,31.480114999999998,, , 
AAA,436,,24,7,18,15,31,-92.99765,31.47845,-92.99798,31.47805,-92.997815,31.47825,, , 
AAA,437,,25,7,18,11,8,-91.98295,30.25882,-91.98245,30.25978,-91.9827,30.2593,, , 
AAA,438,,25,7,18,11,16,-91.98245,30.25978,-91.98225,30.26027,-91.98235,30.260025,, , 
AAA,439,,25,7,18,11,19,-91.98225,30.26027,-91.98192,30.26085,-91.982085,30.260559999999998,, , 
AAA,440,,25,7,18,11,23,-91.98192,30.26085,-91.98153,30.26163,-91.98172500000001,30.26124,, , 
AAA,441,,25,7,18,11,29,-91.98153,30.26163,-91.98125,30.26233,-91.98139,30.26198,, , 
AAA,442,,25,7,18,11,33,-91.98125,30.26233,-91.98097,30.26263,-91.98111,30.26248,, , 
AAA,443,,25,7,18,11,38,-91.98097,30.26263,-91.98177,30.26292,-91.98137,30.262775,, , 
AAA,444,,25,7,18,11,42,-91.98177,30.26288,-91.98275,30.26342,-91.98226,30.26315,, , 
AAA,445,,25,7,18,11,48,-91.98275,30.26342,-91.96703,30.26298,-91.97488999999999,30.263199999999998,, , 
AAA,446,,25,7,18,11,52,-91.9837,30.26298,-91.98443,30.26332,-91.984065,30.26315,, , 
AAA,447,,25,7,18,11,55,-91.98443,30.26333,-91.98653,30.2635,-91.98548,30.263415000000002,, , 
AAA,448,,25,7,18,14,55,-92.45487,30.25557,-92.45432,31.12207,-92.454595,30.68882,, , 
AAA,449,,26,7,18,15,43,-92.49987,31.10457,-92.49923,31.10457,-92.49955,31.10457,, , 
AAA,450,,26,7,18,16,2,-92.49367,31.10927,-92.49335,31.10927,-92.49351,31.10927,, , 
AAA,451,,26,7,18,16,4,-92.49337,31.11023,-92.49277,31.11023,-92.49306999999999,31.11023,, , 
AAA,452,,26,7,18,16,9,-92.49235,31.11192,-92.49223,31.11192,-92.49229,31.11192,, , 
AAA,453,,26,7,18,16,17,-92.49198,31.11335,-92.49215,31.11335,-92.492065,31.11335,, , 
AAA,454,,26,7,18,16,21,-92.49262,31.11493,-92.49292,31.11493,-92.49277000000001,31.11493,, , 
AAA,455,,26,7,18,16,26,-92.49288,31.1,-92.49283,31.1,-92.49285499999999,31.1,, , 
AAA,456,,30,7,18,13,52,-92.25928,30.78252,-92.25857,30.78332,-92.258925,30.78292,, , 
AAA,457,,30,7,18,14,15,-92.25648,30.78003,-92.25633,30.77908,-92.256405,30.779555000000002,, , 
AAA,458,,30,7,18,14,30,-92.2602,30.77688,-92.2604,30.77592,-92.2603,30.7764,, , 
AAA,459,,30,7,18,14,40,-92.26315,30.77172,-92.26313,30.77092,-92.26313999999999,30.77132,, , 
AAA,460,,30,7,18,15,0,-92.26097,30.76702,-92.26025,30.76308,-92.26061,30.76505,, , 
AAA,461,,30,7,18,15,15,-92.29935,30.76453,-92.26722,30.76443,-92.283285,30.76448,, , 
AAA,462,,30,7,18,15,36,-92.7614,30.7614,-92.27263,30.76032,-92.517015,30.76086,, , 
AAA,463,,30,7,18,15,55,-92.2777,30.75897,-92.2783,30.75865,-92.27799999999999,30.75881,, , 
AAA,464,,30,7,18,16,17,-92.27888,30.76498,-92.27755,30.75108,-92.278215,30.75803,, , 
AAA,465,AAA2018073025,30,7,18,16,53,-92.26988,30.77058,-92.27072,30.77088,-92.27029999999999,30.77073,,4, 
AAA,466,AAA2018073025,30,7,18, , , , , , , , ,,1, 
AAA,467,,28,9,18,13,16,-91.98483,30.2595,-91.98542,30.2593,-91.98512500000001,30.2594,, , 
AAA,468,,28,9,18,13,20,-91.98543,30.2593,-91.98587,30.25933,-91.98564999999999,30.259315,, , 
AAA,469,,28,9,18,13,24,-91.98582,30.25933,-91.98497,30.25913,-91.98539500000001,30.25923,, , 
AAA,470,,28,9,18,13,27,-91.98497,30.25913,-91.985830000000007,30.25885,-91.9854,30.258989999999997,, , 
AAA,471,,28,9,18,13,33,-91.985830000000007,30.25925,-91.98487,30.2589,-91.98535000000001,30.259075000000003,, , 
